"Variables ->","obs_l_y","obs_l_ym","obs_l_yxm","obs_dl_cpi","obs_l_s","obs_l_cpif","obs_i_f","obs_rf_tnd","obs_l_y_gap_f","l_y","l_y_gap","l_y_tnd","dl_y","d4l_y","dl_y_tnd","l_cpi","dl_cpi","d4l_cpi","dl_cpi_tar","e_dl_cpi","rmc","rmci","i","i_neutral","r","r_tnd","r_gap","l_s","e_l_s","dl_s","l_z","l_z_gap","l_z_tnd","dl_z","dl_z_tnd","d4l_z","prem","l_y_gap_f","l_cpif","dl_cpif","d4l_cpif","dl_cpim","rf","rf_gap","rf_tnd","i_f","l_ym","l_yxm","d4l_ym","d4l_yxm","dl_ym","dl_yxm","l_ym_gap","l_yxm_gap","dl_ym_tnd","dl_yxm_tnd","l_ym_tnd","l_yxm_tnd","dl_y_disc","d4l_y_disc","shock_l_ym_gap","shock_l_yxm_gap","shock_dl_ym_tnd","shock_dl_yxm_tnd","shock_dl_cpi","shock_dl_cpi_tar","shock_dl_s","shock_dl_z_tnd","shock_l_y_gap_f","shock_dl_cpif","shock_rf_tnd","shock_prem","shock_i_f","shock_dl_y_disc","a1","a2","a3","a4","a5","b1","b2","b3","c1","c2","c3","c4","c_i","c_e_l_s","d1","e1","em1","exm1","f1","g1","h1","i1","k1","l1","m1","n1","o1","p1","s1","am1","am2","ss_dl_ym_tnd","ss_dl_yxm_tnd","ss_dl_cpi_tar","ss_prem","ss_rf_tnd","ss_dl_cpif","ss_dl_z_tnd","ttrend","std_shock_l_ym_gap","std_shock_l_yxm_gap","std_shock_dl_ym_tnd","std_shock_dl_yxm_tnd","std_shock_dl_cpi","std_shock_dl_cpi_tar","std_shock_dl_s","std_shock_dl_z_tnd","std_shock_l_y_gap_f","std_shock_dl_cpif","std_shock_rf_tnd","std_shock_prem","std_shock_i_f","std_shock_dl_y_disc"
"Comments ->","obs_l_y","obs_l_ym","obs_l_yxm","obs_dl_cpi","obs_l_s","obs_l_cpif","obs_i_f","obs_rf_tnd","obs_l_y_gap_f","Production (100*log)","Ecart de production (%)","Production potentielle (100*log)","PIB: taux croissance annuel (%)","PIB: glissement annuel (%)","Croissance annuel de prod. pot. (%)","Inflation: niveau (100*log)","Inflation (%, annuel)","Inflation: glissement annuel (%)","inflation","inflation","Cout marginal de prod.","Indice des conditions mon. reelles","interet nominal","interet neutre","interet reel","interet reel","interet reel","Taux de change nominal (USD per GNF)","Esperance(+1) de taux de change nominal","Depreciation nominale du change, ann","Taux de change reel (TCR)","Ecart du TCR","Tendance du TCR","Depreciation du  TCR","Depreciation de la tendance RER, ann.","Depreciation de TCR, glissement annuel","Prime de risque","etranger","IPC etranger","Inflation etrangere, ann.","Inflation etrangere, glissement ann.","Inflation importee","interet reel etranger","interet reel etranger","Tendance du TIR etranger","interet nominal etranger","Real mining GDP, 100*log","Real w/o mining GDP, 100*log","Output of mining growth YoY, percent","Output w/o mining growth YoY, percent","Output of mining growth QoQ, percent @ar","Output w/o mining growth QoQ, percent @ar","Output Gap of mining, percent","Output Gap w/o mining, percent","Potential output growth of mining QoQ, percent @ar","Potential output growth w/o mining QoQ, percent @ar","Potential output of mining, 100*log","Potential output w/o mining, 100*log","QoQ GDP growth discrepancy","YoY GDP growth discrepancy","Choc sur la demande miniere","Choc sur la demande ex-miniere","Choc sur la production potentielle","Choc sur la production potentielle","Choc sur offre","Choc sur le cible inflation","Choc sur la politique monetaire","Choc sur la tendance de TCR","Choc sur ecart du PIB etranger","Choc sur inflation etranger","Choc sur tendance du TIR etranger","Choc sur la prim du risque","Choc sur le taux interet nominal","shock_dl_y_disc","","","","","","","","","","","","","","","","","","","","","","","","","","","","","","","","","","","","","","","Time trend","","","","","","","","","","","","","",""
"Class[Size] ->","tseries[42-by-1]","tseries[42-by-1]","tseries[42-by-1]","tseries[42-by-1]","tseries[42-by-1]","tseries[42-by-1]","tseries[42-by-1]","tseries[42-by-1]","tseries[42-by-1]","tseries[42-by-1]","tseries[42-by-1]","tseries[42-by-1]","tseries[42-by-1]","tseries[42-by-1]","tseries[42-by-1]","tseries[42-by-1]","tseries[42-by-1]","tseries[42-by-1]","tseries[42-by-1]","tseries[42-by-1]","tseries[42-by-1]","tseries[42-by-1]","tseries[42-by-1]","tseries[42-by-1]","tseries[42-by-1]","tseries[42-by-1]","tseries[42-by-1]","tseries[42-by-1]","tseries[42-by-1]","tseries[42-by-1]","tseries[42-by-1]","tseries[42-by-1]","tseries[42-by-1]","tseries[42-by-1]","tseries[42-by-1]","tseries[42-by-1]","tseries[42-by-1]","tseries[42-by-1]","tseries[42-by-1]","tseries[42-by-1]","tseries[42-by-1]","tseries[42-by-1]","tseries[42-by-1]","tseries[42-by-1]","tseries[42-by-1]","tseries[42-by-1]","tseries[42-by-1]","tseries[42-by-1]","tseries[42-by-1]","tseries[42-by-1]","tseries[42-by-1]","tseries[42-by-1]","tseries[42-by-1]","tseries[42-by-1]","tseries[42-by-1]","tseries[42-by-1]","tseries[42-by-1]","tseries[42-by-1]","tseries[42-by-1]","tseries[42-by-1]","tseries[42-by-1]","tseries[42-by-1]","tseries[42-by-1]","tseries[42-by-1]","tseries[42-by-1]","tseries[42-by-1]","tseries[42-by-1]","tseries[42-by-1]","tseries[42-by-1]","tseries[42-by-1]","tseries[42-by-1]","tseries[42-by-1]","tseries[42-by-1]","tseries[42-by-1]","double[1-by-1]","double[1-by-1]","double[1-by-1]","double[1-by-1]","double[1-by-1]","double[1-by-1]","double[1-by-1]","double[1-by-1]","double[1-by-1]","double[1-by-1]","double[1-by-1]","double[1-by-1]","double[1-by-1]","double[1-by-1]","double[1-by-1]","double[1-by-1]","double[1-by-1]","double[1-by-1]","double[1-by-1]","double[1-by-1]","double[1-by-1]","double[1-by-1]","double[1-by-1]","double[1-by-1]","double[1-by-1]","double[1-by-1]","double[1-by-1]","double[1-by-1]","double[1-by-1]","double[1-by-1]","double[1-by-1]","double[1-by-1]","double[1-by-1]","double[1-by-1]","double[1-by-1]","double[1-by-1]","double[1-by-1]","double[1-by-1]","tseries[42-by-1]","double[1-by-1]","double[1-by-1]","double[1-by-1]","double[1-by-1]","double[1-by-1]","double[1-by-1]","double[1-by-1]","double[1-by-1]","double[1-by-1]","double[1-by-1]","double[1-by-1]","double[1-by-1]","double[1-by-1]","double[1-by-1]"
"2008Q1",NaN,NaN,NaN,NaN,NaN,NaN,NaN,NaN,NaN,1.04889393e+03,NaN,NaN,NaN,NaN,NaN,7.24614895e+02,NaN,NaN,NaN,NaN,NaN,NaN,NaN,NaN,NaN,NaN,NaN,NaN,NaN,NaN,5.78050594e+02,NaN,NaN,NaN,NaN,NaN,NaN,NaN,4.57842887e+02,NaN,NaN,NaN,NaN,NaN,NaN,NaN,9.42459843e+02,1.00669730e+03,NaN,NaN,NaN,NaN,NaN,NaN,NaN,NaN,NaN,NaN,NaN,NaN,NaN,NaN,NaN,NaN,NaN,NaN,NaN,NaN,NaN,NaN,NaN,NaN,NaN,NaN,7.00000000e-01,1.00000000e-01,1.50000000e-01,1.00000000e-01,1.00000000e-01,7.00000000e-01,1.00000000e-01,3.00000000e-01,2.00000000e-01,3.00000000e-01,6.00000000e-01,2.00000000e-01,4.00000000e-01,5.00000000e-01,8.00000000e-01,8.00000000e-01,8.00000000e-01,8.00000000e-01,9.90000000e-01,9.00000000e-01,8.00000000e-01,9.00000000e-01,9.00000000e-01,8.00000000e-01,4.00000000e-01,4.00000000e-01,8.00000000e-01,8.00000000e-01,3.00000000e-01,5.00000000e-01,8.00000000e-01,3.50000000e+00,5.50000000e+00,8.00000000e+00,6.00000000e+00,-5.00000000e-01,2.00000000e+00,-3.50000000e+00,NaN,1.50000000e+00,1.00000000e+00,7.50000000e-01,7.50000000e-01,1.50000000e+00,5.00000000e-01,6.00000000e+00,2.00000000e+00,4.00000000e-01,1.00000000e+00,1.00000000e-01,2.00000000e+00,1.00000000e-01,2.00000000e-01
"2008Q2",NaN,NaN,NaN,NaN,NaN,NaN,NaN,NaN,NaN,1.04968437e+03,NaN,NaN,NaN,NaN,NaN,7.24408199e+02,NaN,NaN,NaN,NaN,NaN,NaN,NaN,NaN,NaN,NaN,NaN,NaN,NaN,NaN,5.78440080e+02,NaN,NaN,NaN,NaN,NaN,NaN,NaN,4.57891227e+02,NaN,NaN,NaN,NaN,NaN,NaN,NaN,9.42881678e+02,1.00764572e+03,NaN,NaN,NaN,NaN,NaN,NaN,NaN,NaN,NaN,NaN,1.25260300e-12,NaN,NaN,NaN,NaN,NaN,NaN,NaN,NaN,NaN,NaN,NaN,NaN,NaN,NaN,NaN,NaN,NaN,NaN,NaN,NaN,NaN,NaN,NaN,NaN,NaN,NaN,NaN,NaN,NaN,NaN,NaN,NaN,NaN,NaN,NaN,NaN,NaN,NaN,NaN,NaN,NaN,NaN,NaN,NaN,NaN,NaN,NaN,NaN,NaN,NaN,NaN,NaN,NaN,NaN,NaN,NaN,NaN,NaN,NaN,NaN,NaN,NaN,NaN,NaN,NaN,NaN,NaN,NaN
"2008Q3",NaN,NaN,NaN,NaN,NaN,NaN,NaN,NaN,NaN,1.05061049e+03,NaN,NaN,NaN,NaN,NaN,7.23626262e+02,NaN,NaN,NaN,NaN,NaN,NaN,NaN,NaN,NaN,NaN,NaN,NaN,NaN,NaN,5.79336036e+02,NaN,NaN,NaN,NaN,NaN,NaN,NaN,4.57936158e+02,NaN,NaN,NaN,NaN,NaN,NaN,NaN,9.43323158e+02,1.00877954e+03,NaN,NaN,NaN,NaN,NaN,NaN,NaN,NaN,NaN,NaN,2.50516644e-12,NaN,NaN,NaN,NaN,NaN,NaN,NaN,NaN,NaN,NaN,NaN,NaN,NaN,NaN,NaN,NaN,NaN,NaN,NaN,NaN,NaN,NaN,NaN,NaN,NaN,NaN,NaN,NaN,NaN,NaN,NaN,NaN,NaN,NaN,NaN,NaN,NaN,NaN,NaN,NaN,NaN,NaN,NaN,NaN,NaN,NaN,NaN,NaN,NaN,NaN,NaN,NaN,NaN,NaN,NaN,NaN,NaN,NaN,NaN,NaN,NaN,NaN,NaN,NaN,NaN,NaN,NaN,NaN
"2008Q4",NaN,NaN,NaN,NaN,NaN,NaN,NaN,NaN,NaN,1.05177828e+03,NaN,1.05579070e+03,NaN,NaN,NaN,7.22240026e+02,-5.54494337e+00,NaN,9.65415639e+00,NaN,NaN,NaN,1.53582134e+01,NaN,NaN,NaN,NaN,8.45117806e+02,NaN,3.66663453e-01,5.80880373e+02,NaN,5.78182300e+02,NaN,3.07403007e-01,NaN,5.70527875e+00,-3.87572568e+00,4.58002593e+02,2.65740629e-01,NaN,NaN,NaN,NaN,-2.75953124e-01,3.29087186e-01,9.43836867e+02,1.01022765e+03,NaN,NaN,NaN,NaN,-4.05821023e+00,-3.99280565e+00,2.23943228e+00,4.71831045e+00,9.47895077e+02,1.01422045e+03,3.75770197e-12,NaN,NaN,NaN,NaN,NaN,NaN,NaN,NaN,NaN,NaN,NaN,NaN,NaN,NaN,NaN,NaN,NaN,NaN,NaN,NaN,NaN,NaN,NaN,NaN,NaN,NaN,NaN,NaN,NaN,NaN,NaN,NaN,NaN,NaN,NaN,NaN,NaN,NaN,NaN,NaN,NaN,NaN,NaN,NaN,NaN,NaN,NaN,NaN,NaN,NaN,NaN,NaN,NaN,NaN,NaN,NaN,NaN,NaN,NaN,NaN,NaN,NaN,NaN,NaN,NaN,NaN,NaN,NaN
"2009Q1",1.05340367e+03,9.44525160e+02,1.01225466e+03,-7.66488064e+00,8.45710365e+02,4.58124095e+02,1.87454195e-01,4.94800000e-02,-4.47971000e+00,1.05340367e+03,-3.32285947e+00,1.05672653e+03,6.50157898e+00,4.50974294e+00,3.74330875e+00,7.20323806e+02,-7.66488064e+00,-4.29108875e+00,9.96266428e+00,-4.03555315e+00,1.77136275e+00,2.08580626e+00,1.62955851e+01,1.75543622e+01,2.03311382e+01,7.59169789e+00,1.27394403e+01,8.45710365e+02,8.48319809e+02,2.37023521e+00,5.83510654e+02,5.01661647e+00,5.78494037e+02,1.05211239e+01,1.24694940e+00,5.46005994e+00,6.29526848e+00,-4.47971000e+00,4.58124095e+02,4.86008044e-01,2.81208665e-01,2.85624326e+00,-9.37544701e-02,-1.43234470e-01,4.94800000e-02,1.87454195e-01,9.44525160e+02,1.01225466e+03,2.06531672e+00,5.55735418e+00,2.75317155e+00,8.10803930e+00,-3.85098993e+00,-3.09651784e+00,1.92429035e+00,4.52288807e+00,9.48376150e+02,1.01535118e+03,6.26283956e-12,3.44458543e-12,1.76188319e+00,1.17342498e+00,-5.67255475e-01,-3.51760296e-01,-3.66864786e+00,3.25049458e-01,-4.56258848e+00,1.70102700e+00,-9.91556887e-01,-1.26584459e-01,3.70242499e-01,5.31045483e-01,-4.85711554e-01,6.26287000e-12,NaN,NaN,NaN,NaN,NaN,NaN,NaN,NaN,NaN,NaN,NaN,NaN,NaN,NaN,NaN,NaN,NaN,NaN,NaN,NaN,NaN,NaN,NaN,NaN,NaN,NaN,NaN,NaN,NaN,NaN,NaN,NaN,NaN,NaN,NaN,NaN,NaN,NaN,3.60000000e+01,NaN,NaN,NaN,NaN,NaN,NaN,NaN,NaN,NaN,NaN,NaN,NaN,NaN,NaN
"2009Q2",1.05309536e+03,9.43536621e+02,1.01245006e+03,8.73799903e+00,8.49660385e+02,4.58346462e+02,1.78151216e-01,-3.00000000e-02,-4.79760000e+00,1.05309536e+03,-4.34617400e+00,1.05744153e+03,-1.23325742e+00,3.41098792e+00,2.86000073e+00,7.22508306e+02,8.73799903e+00,-1.89989330e+00,1.03192216e+01,9.61845303e+00,2.35248438e+00,-5.49181445e+00,1.42506860e+01,1.88290108e+01,4.63223297e+00,8.50978926e+00,-3.87755629e+00,8.49660385e+02,8.51139271e+02,1.58000797e+01,5.85498540e+02,6.56798656e+00,5.78930554e+02,7.95154601e+00,1.74606566e+00,7.05846003e+00,6.79372359e+00,-4.79760000e+00,4.58346462e+02,8.89465317e-01,4.55234258e-01,1.66895450e+01,-2.77083041e-01,-2.47083041e-01,-3.00000000e-02,1.78151216e-01,9.43536621e+02,1.01245006e+03,6.54943023e-01,4.80434117e+00,-3.95415445e+00,7.81605899e-01,-5.22211927e+00,-3.97076889e+00,1.53036294e+00,4.27861008e+00,9.48758741e+02,1.01642083e+03,-5.94135212e-01,-1.48533803e-01,5.41455690e-01,-1.28227910e+00,-7.09069343e-01,-4.39700370e-01,9.97963162e+00,3.76183929e-01,1.02694143e+01,1.44850614e+00,-7.65861000e-01,1.00658882e-01,3.04160000e-02,5.57508806e-01,-3.65812139e-01,-5.94135212e-01,NaN,NaN,NaN,NaN,NaN,NaN,NaN,NaN,NaN,NaN,NaN,NaN,NaN,NaN,NaN,NaN,NaN,NaN,NaN,NaN,NaN,NaN,NaN,NaN,NaN,NaN,NaN,NaN,NaN,NaN,NaN,NaN,NaN,NaN,NaN,NaN,NaN,NaN,3.70000000e+01,NaN,NaN,NaN,NaN,NaN,NaN,NaN,NaN,NaN,NaN,NaN,NaN,NaN,NaN
"2009Q3",1.05318134e+03,9.43428057e+02,1.01295014e+03,9.39824630e+00,8.48379531e+02,4.59046154e+02,1.54300895e-01,-8.00000000e-02,-4.58085000e+00,1.05318134e+03,-4.87667630e+00,1.05805802e+03,3.43923307e-01,2.57085177e+00,2.46593251e+00,7.24857868e+02,9.39824630e+00,1.23160533e+00,1.05526320e+01,8.97767077e+00,-2.02065360e-01,-1.07938765e+00,2.10199101e+01,2.12377863e+01,1.20422394e+01,1.06851543e+01,1.35708512e+00,8.48379531e+02,8.52966410e+02,-5.12341557e+00,5.82567818e+02,2.70370283e+00,5.79864115e+02,-1.17228910e+01,3.73424387e+00,3.23178158e+00,7.03091038e+00,-4.58085000e+00,4.59046154e+02,2.79877082e+00,1.10999620e+00,-2.32464475e+00,-9.55695308e-01,-8.75695308e-01,-8.00000000e-02,1.54300895e-01,9.43428057e+02,1.01295014e+03,1.04899381e-01,4.17060677e+00,-4.34256069e-01,2.00033720e+00,-5.61391318e+00,-4.56071764e+00,1.13291957e+00,4.36013221e+00,9.49041970e+02,1.01751086e+03,-9.26035914e-01,-3.80042781e-01,6.61826453e-01,-4.67912364e-01,-7.91370776e-01,-1.62755853e-01,2.15262129e+00,2.56602653e-01,-1.73700713e+01,3.03739134e+00,-2.63010000e-01,1.68719857e+00,4.40000000e-02,3.95931505e-01,-3.72220078e-01,-9.26035914e-01,NaN,NaN,NaN,NaN,NaN,NaN,NaN,NaN,NaN,NaN,NaN,NaN,NaN,NaN,NaN,NaN,NaN,NaN,NaN,NaN,NaN,NaN,NaN,NaN,NaN,NaN,NaN,NaN,NaN,NaN,NaN,NaN,NaN,NaN,NaN,NaN,NaN,NaN,3.80000000e+01,NaN,NaN,NaN,NaN,NaN,NaN,NaN,NaN,NaN,NaN,NaN,NaN,NaN,NaN
"2009Q4",1.05410019e+03,9.43743127e+02,1.01451361e+03,1.34775595e+01,8.54275484e+02,4.60055947e+02,1.18609631e-01,-1.45880000e-01,-3.61170000e+00,1.05410019e+03,-4.53386977e+00,1.05863406e+03,3.67539587e+00,2.32191018e+00,2.30416973e+00,7.28227257e+02,1.34775595e+01,5.98723104e+00,1.08786259e+01,1.36717627e+01,9.35106874e-01,-6.08411889e+00,2.02122126e+01,2.61660822e+01,6.54044989e+00,1.52874563e+01,-8.74700644e+00,8.54275484e+02,8.57237132e+02,2.35838111e+01,5.86104173e+02,4.30886052e+00,5.81795313e+02,1.41454239e+01,7.72479309e+00,5.22380068e+00,7.70854324e+00,-3.61170000e+00,4.60055947e+02,4.03917227e+00,2.05335411e+00,2.76229833e+01,-1.93474448e+00,-1.78886448e+00,-1.45880000e-01,1.18609631e-01,9.43743127e+02,1.01451361e+03,-9.37402412e-02,4.28596063e+00,1.26027801e+00,6.25386012e+00,-5.48667751e+00,-4.12552359e+00,7.51335319e-01,4.51308393e+00,9.49229804e+02,1.01863913e+03,-1.08038961e+00,-6.50140185e-01,2.09639080e-01,-6.01981467e-01,-8.55000339e-01,-7.50218421e-02,1.89408344e+00,3.51520228e-01,1.36200077e+01,5.43739799e+00,5.11065000e-01,1.40015561e+00,1.81200000e-02,8.83814939e-01,-3.75655085e-01,-1.08038961e+00,NaN,NaN,NaN,NaN,NaN,NaN,NaN,NaN,NaN,NaN,NaN,NaN,NaN,NaN,NaN,NaN,NaN,NaN,NaN,NaN,NaN,NaN,NaN,NaN,NaN,NaN,NaN,NaN,NaN,NaN,NaN,NaN,NaN,NaN,NaN,NaN,NaN,NaN,3.90000000e+01,NaN,NaN,NaN,NaN,NaN,NaN,NaN,NaN,NaN,NaN,NaN,NaN,NaN,NaN
"2010Q1",1.05553343e+03,9.44203831e+02,1.01673105e+03,1.56437541e+01,8.61919432e+02,4.60395355e+02,1.34779132e-01,-1.57230000e-01,-3.34924000e+00,1.05553343e+03,-3.70006324e+00,1.05923349e+03,5.73296135e+00,2.12975578e+00,2.39773524e+00,7.32138196e+02,1.56437541e+01,1.18143897e+01,1.10987419e+01,1.56429496e+01,2.31119086e+00,-8.84882653e+00,2.02123075e+01,2.89251589e+01,4.56935795e+00,1.78264169e+01,-1.32570590e+01,8.61919432e+02,8.64914192e+02,3.05757950e+01,5.90176591e+02,5.91000491e+00,5.84266586e+02,1.62896702e+01,9.88509268e+00,6.66593726e+00,8.09855424e+00,-3.34924000e+00,4.60395355e+02,1.35762929e+00,2.27125942e+00,3.19334243e+01,-2.13648029e+00,-1.97925029e+00,-1.57230000e-01,1.34779132e-01,9.44203831e+02,1.01673105e+03,-3.21329303e-01,4.47639391e+00,1.84281530e+00,8.86977241e+00,-5.13047365e+00,-3.08703021e+00,4.17999845e-01,4.71579889e+00,9.49334304e+02,1.01981808e+03,-1.02872393e+00,-9.07321168e-01,2.92257107e-01,-4.55259405e-01,-8.83068410e-01,5.33174435e-03,1.82682129e-01,2.48902292e-01,1.38984734e+01,4.40525821e+00,-9.87100000e-02,-2.27370853e+00,5.94740000e-02,7.31719650e-01,-3.28662573e-01,-1.02872393e+00,NaN,NaN,NaN,NaN,NaN,NaN,NaN,NaN,NaN,NaN,NaN,NaN,NaN,NaN,NaN,NaN,NaN,NaN,NaN,NaN,NaN,NaN,NaN,NaN,NaN,NaN,NaN,NaN,NaN,NaN,NaN,NaN,NaN,NaN,NaN,NaN,NaN,NaN,4.00000000e+01,NaN,NaN,NaN,NaN,NaN,NaN,NaN,NaN,NaN,NaN,NaN,NaN,NaN,NaN
"2010Q2",1.05706922e+03,9.44635204e+02,1.01903739e+03,1.29026488e+01,8.72189865e+02,4.60131055e+02,1.91825896e-01,-2.15070000e-01,-2.55743000e+00,1.05706922e+03,-2.82705123e+00,1.05989627e+03,6.14317776e+00,3.97386457e+00,2.65112973e+00,7.35363858e+02,1.29026488e+01,1.28555522e+01,1.12181377e+01,1.44023489e+01,5.31123699e+00,-1.21316679e+01,1.73352116e+01,2.91915381e+01,2.93286277e+00,1.79734004e+01,-1.50405377e+01,8.72189865e+02,8.73947132e+02,4.10817313e+01,5.96957062e+02,1.01924214e+01,5.86764640e+02,2.71218829e+01,9.99221682e+00,1.14585215e+01,8.19625361e+00,-2.55743000e+00,4.60131055e+02,-1.05719961e+00,1.78459319e+00,4.00245317e+01,-1.59276729e+00,-1.37769729e+00,-2.15070000e-01,1.91825896e-01,9.44635204e+02,1.01903739e+03,1.09858294e+00,6.58733158e+00,1.72549453e+00,9.22535660e+00,-4.73224488e+00,-2.01053967e+00,1.32579445e-01,4.91939444e+00,9.49367449e+02,1.02104793e+03,-8.32220215e-01,-9.66842419e-01,-1.21064053e-01,-8.69935852e-01,-9.01820431e-01,4.67553339e-02,-5.52505147e+00,1.50383138e-01,2.49093461e+01,2.78414267e+00,4.56886000e-01,-2.54330304e+00,1.07140000e-02,5.17410217e-01,-2.72983409e-01,-8.32220215e-01,NaN,NaN,NaN,NaN,NaN,NaN,NaN,NaN,NaN,NaN,NaN,NaN,NaN,NaN,NaN,NaN,NaN,NaN,NaN,NaN,NaN,NaN,NaN,NaN,NaN,NaN,NaN,NaN,NaN,NaN,NaN,NaN,NaN,NaN,NaN,NaN,NaN,NaN,4.10000000e+01,NaN,NaN,NaN,NaN,NaN,NaN,NaN,NaN,NaN,NaN,NaN,NaN,NaN,NaN
"2010Q3",1.05839489e+03,9.44890568e+02,1.02102326e+03,1.79764090e+01,8.75037492e+02,4.60261372e+02,1.88063051e-01,-3.34400000e-01,-1.96045000e+00,1.05839489e+03,-2.25869407e+00,1.06065358e+03,5.30265173e+00,5.21354668e+00,3.02922309e+00,7.39857960e+02,1.79764090e+01,1.50000928e+01,1.11872616e+01,1.73097128e+01,3.79685241e+00,-8.45027769e+00,2.04328955e+01,2.46270996e+01,3.12318270e+00,1.34398381e+01,-1.03166554e+01,8.75037492e+02,8.78641660e+02,1.13905091e+01,5.95440904e+02,7.20602591e+00,5.88234878e+02,-6.06463031e+00,5.88095182e+00,1.28730867e+01,7.89328625e+00,-1.96045000e+00,4.60261372e+02,5.21269544e-01,1.21521787e+00,1.19117787e+01,-1.02715482e+00,-6.92754821e-01,-3.34400000e-01,1.88063051e-01,9.44890568e+02,1.02102326e+03,1.46251042e+00,8.07311607e+00,1.02145384e+00,7.94347517e+00,-4.45619532e+00,-1.31690782e+00,-8.27443831e-02,5.16894777e+00,9.49346763e+02,1.02234017e+03,-5.64217034e-01,-8.76387699e-01,-5.21712882e-01,-4.66914312e-01,-8.88807939e-01,1.33432212e-01,3.74047387e+00,1.30526132e-03,-4.76506985e+00,-1.41282164e+00,3.41237000e-01,9.67029232e-01,-6.23440000e-02,1.36283363e-01,-2.98517667e-01,-5.64217034e-01,NaN,NaN,NaN,NaN,NaN,NaN,NaN,NaN,NaN,NaN,NaN,NaN,NaN,NaN,NaN,NaN,NaN,NaN,NaN,NaN,NaN,NaN,NaN,NaN,NaN,NaN,NaN,NaN,NaN,NaN,NaN,NaN,NaN,NaN,NaN,NaN,NaN,NaN,4.20000000e+01,NaN,NaN,NaN,NaN,NaN,NaN,NaN,NaN,NaN,NaN,NaN,NaN,NaN,NaN
"2010Q4",1.05973004e+03,9.45042705e+02,1.02300687e+03,2.33215282e+01,8.78648500e+02,4.61302277e+02,1.89300713e-01,-4.73420000e-01,-1.60633000e+00,1.05973004e+03,-1.76462332e+00,1.06149466e+03,5.34060586e+00,5.62984918e+00,3.36432283e+00,7.45688342e+02,2.33215282e+01,1.74610850e+01,1.11632174e+01,2.18898887e+01,2.72570096e+00,-8.47868217e+00,1.95590237e+01,2.25160107e+01,-2.33086499e+00,1.13527933e+01,-1.36836583e+01,8.78648500e+02,8.81407590e+02,1.44440296e+01,5.94262435e+02,5.00869806e+00,5.89253737e+02,-4.71387757e+00,4.07543380e+00,8.15826132e+00,7.75077955e+00,-1.60633000e+00,4.61302277e+02,4.16362102e+00,1.24633006e+00,1.86076507e+01,-1.05702935e+00,-5.83609346e-01,-4.73420000e-01,1.89300713e-01,9.45042705e+02,1.02300687e+03,1.29957828e+00,8.49326068e+00,6.08549438e-01,7.93443853e+00,-4.25155679e+00,-6.98794684e-01,-2.10004695e-01,5.46198597e+00,9.49294262e+02,1.02370566e+03,-3.96065943e-01,-7.05306781e-01,-7.38395127e-01,-4.49197351e-01,-8.43809189e-01,2.26827759e-01,4.08913222e+00,7.82844580e-03,5.38103125e+00,7.06723466e-02,1.58075000e-01,3.34660538e+00,-1.05900000e-01,2.36150546e-01,-2.66465727e-01,-3.96065943e-01,NaN,NaN,NaN,NaN,NaN,NaN,NaN,NaN,NaN,NaN,NaN,NaN,NaN,NaN,NaN,NaN,NaN,NaN,NaN,NaN,NaN,NaN,NaN,NaN,NaN,NaN,NaN,NaN,NaN,NaN,NaN,NaN,NaN,NaN,NaN,NaN,NaN,NaN,4.30000000e+01,NaN,NaN,NaN,NaN,NaN,NaN,NaN,NaN,NaN,NaN,NaN,NaN,NaN,NaN
"2011Q1",1.06111127e+03,9.45177637e+02,1.02498965e+03,2.18828400e+01,8.86562792e+02,4.62453468e+02,1.56138041e-01,-5.15350000e-01,-1.97360000e+00,1.06111127e+03,-1.32303652e+00,1.06243431e+03,5.52495030e+00,5.57784641e+00,3.75860311e+00,7.51159052e+02,2.18828400e+01,1.90208565e+01,1.10793855e+01,2.19487359e+01,4.65682301e+00,-1.21306866e+01,1.33515405e+01,2.10132687e+01,-8.59719538e+00,9.93388323e+00,-1.85310786e+01,8.86562792e+02,8.86954466e+02,3.16571686e+01,5.97857207e+02,7.86375857e+00,5.89993449e+02,1.43790904e+01,2.95884839e+00,7.68061637e+00,7.49038484e+00,-1.97360000e+00,4.62453468e+02,4.60476182e+00,2.05811319e+00,3.62619304e+01,-1.90197515e+00,-1.38662515e+00,-5.15350000e-01,1.56138041e-01,9.45177637e+02,1.02498965e+03,9.73806075e-01,8.25859479e+00,5.39726487e-01,7.93110888e+00,-4.05176761e+00,-1.53580338e-01,-2.59430243e-01,5.75025149e+00,9.49229404e+02,1.02514323e+03,-1.88743859e-01,-4.95311763e-01,-3.47109211e-01,-9.64706231e-01,-7.91426487e-01,2.80662716e-01,-3.55933203e+00,-5.21996970e-02,2.46741983e+01,3.98501348e-01,-5.27903000e-01,8.73865001e-01,-3.66140000e-02,8.97612035e-02,-2.92232529e-01,-1.88743859e-01,NaN,NaN,NaN,NaN,NaN,NaN,NaN,NaN,NaN,NaN,NaN,NaN,NaN,NaN,NaN,NaN,NaN,NaN,NaN,NaN,NaN,NaN,NaN,NaN,NaN,NaN,NaN,NaN,NaN,NaN,NaN,NaN,NaN,NaN,NaN,NaN,NaN,NaN,4.40000000e+01,NaN,NaN,NaN,NaN,NaN,NaN,NaN,NaN,NaN,NaN,NaN,NaN,NaN,NaN
"2011Q2",1.06251335e+03,9.45365501e+02,1.02688572e+03,1.82583204e+01,8.85006529e+02,4.63534540e+02,9.32365212e-02,-5.91180000e-01,-1.47189000e+00,1.06251335e+03,-9.77935946e-01,1.06349128e+03,5.60828702e+00,5.44412373e+00,4.22788474e+00,7.55723633e+02,1.82583204e+01,2.03597744e+01,1.08438064e+01,1.71047696e+01,2.03038878e+00,-3.99589967e+00,1.66171153e+01,1.54999434e+01,-4.87654234e-01,4.65613696e+00,-5.14379120e+00,8.85006529e+02,8.87963280e+02,-6.22505386e+00,5.92817436e+02,3.23063865e+00,5.89586797e+02,-2.01590855e+01,-1.62660581e+00,-4.13962573e+00,6.87392277e+00,-1.47189000e+00,4.63534540e+02,4.32428882e+00,3.40348530e+00,-1.90076504e+00,-3.31024878e+00,-2.71906878e+00,-5.91180000e-01,9.32365212e-02,9.45365501e+02,1.02688572e+03,7.30297080e-01,7.84833199e+00,7.51458552e-01,7.58430537e+00,-3.79648573e+00,2.30013962e-01,-2.69668936e-01,6.04992817e+00,9.49161987e+02,1.02665571e+03,7.38356982e-02,-2.68797785e-01,-5.93089931e-01,2.54832971e-01,-7.62124741e-01,3.49726973e-01,-1.06232219e+00,-2.04785225e-01,-1.59390280e+01,-3.29368452e+00,3.04350000e-01,2.40479367e-01,-7.89000000e-02,-3.18385102e-01,-3.13437912e-01,7.38356982e-02,NaN,NaN,NaN,NaN,NaN,NaN,NaN,NaN,NaN,NaN,NaN,NaN,NaN,NaN,NaN,NaN,NaN,NaN,NaN,NaN,NaN,NaN,NaN,NaN,NaN,NaN,NaN,NaN,NaN,NaN,NaN,NaN,NaN,NaN,NaN,NaN,NaN,NaN,4.50000000e+01,NaN,NaN,NaN,NaN,NaN,NaN,NaN,NaN,NaN,NaN,NaN,NaN,NaN,NaN
"2011Q3",1.06393533e+03,9.45811398e+02,1.02861713e+03,1.51348261e+01,8.86929613e+02,4.63985051e+02,8.31454246e-02,-6.22590000e-01,-1.73529000e+00,1.06393533e+03,-7.06335853e-01,1.06464166e+03,5.68791532e+00,5.54043963e+00,4.60151495e+00,7.59507339e+02,1.51348261e+01,1.96493787e+01,1.07184812e+01,1.47158409e+01,1.82637658e+00,-3.39132258e+00,1.26617587e+01,1.29794755e+01,-2.05408219e+00,2.26099430e+00,-4.31507649e+00,8.86929613e+02,8.87739185e+02,7.69233730e+00,5.91407325e+02,2.77548665e+00,5.88631838e+02,-5.64044443e+00,-3.81983642e+00,-4.03357926e+00,6.70342072e+00,-1.73529000e+00,4.63985051e+02,1.80204434e+00,3.72367900e+00,9.49438164e+00,-3.64053357e+00,-3.01794357e+00,-6.22590000e-01,8.31454246e-02,9.45811398e+02,1.02861713e+03,9.20830217e-01,7.59387096e+00,1.78358639e+00,6.92563107e+00,-3.29411293e+00,4.02711466e-01,-2.25904818e-01,6.23484106e+00,9.49105511e+02,1.02821442e+03,3.04897657e-01,-5.15191116e-02,-7.63806417e-03,2.13642583e-01,-7.10169669e-01,2.94898523e-01,-2.46850120e+00,-9.68872042e-02,6.83869514e+00,-1.81855177e+00,-4.10589000e-01,-2.05738671e+00,-4.96460000e-02,4.28249837e-03,-2.66925792e-01,3.04897657e-01,NaN,NaN,NaN,NaN,NaN,NaN,NaN,NaN,NaN,NaN,NaN,NaN,NaN,NaN,NaN,NaN,NaN,NaN,NaN,NaN,NaN,NaN,NaN,NaN,NaN,NaN,NaN,NaN,NaN,NaN,NaN,NaN,NaN,NaN,NaN,NaN,NaN,NaN,4.60000000e+01,NaN,NaN,NaN,NaN,NaN,NaN,NaN,NaN,NaN,NaN,NaN,NaN,NaN,NaN
"2011Q4",1.06545185e+03,9.47090526e+02,1.03018775e+03,1.85318069e+01,8.87817313e+02,4.64523199e+02,7.50818066e-02,-6.79910000e-01,-9.18240000e-01,1.06545185e+03,-3.18907898e-01,1.06577076e+03,6.06611543e+00,5.72181702e+00,4.51640361e+00,7.64140291e+02,1.85318069e+01,1.84519484e+01,1.05619153e+01,1.71350244e+01,9.22882824e-01,-3.33937589e+00,9.58702064e+00,9.44415728e+00,-7.54800379e+00,-1.11775801e+00,-6.43024579e+00,8.87817313e+02,8.88081890e+02,3.55079968e+00,5.88200221e+02,1.27879596e+00,5.86921425e+02,-1.28284165e+01,-6.84165380e+00,-6.06221401e+00,6.40380580e+00,-9.18240000e-01,4.64523199e+02,2.15259065e+00,3.22092141e+00,5.70339034e+00,-3.14583960e+00,-2.46592960e+00,-6.79910000e-01,7.50818066e-02,9.47090526e+02,1.03018775e+03,2.04782071e+00,7.18087935e+00,5.11651142e+00,6.28247206e+00,-1.97072359e+00,3.89013114e-01,-1.77045940e-01,6.33726547e+00,9.49061249e+02,1.02979874e+03,1.33431565e-01,8.08552652e-02,4.10924873e-01,-1.39308673e-01,-6.96322085e-01,2.49392623e-01,2.97905448e+00,-1.29381070e-01,2.07152789e+00,-3.08578467e+00,6.43521000e-01,3.10955177e-01,-8.18380000e-02,-1.58930777e-01,-2.55452533e-01,1.33431565e-01,NaN,NaN,NaN,NaN,NaN,NaN,NaN,NaN,NaN,NaN,NaN,NaN,NaN,NaN,NaN,NaN,NaN,NaN,NaN,NaN,NaN,NaN,NaN,NaN,NaN,NaN,NaN,NaN,NaN,NaN,NaN,NaN,NaN,NaN,NaN,NaN,NaN,NaN,4.70000000e+01,NaN,NaN,NaN,NaN,NaN,NaN,NaN,NaN,NaN,NaN,NaN,NaN,NaN,NaN
"2012Q1",1.06696362e+03,9.48631847e+02,1.03169876e+03,1.34136117e+01,8.86331939e+02,4.65199289e+02,1.05484346e-01,-6.71710000e-01,-5.25480000e-01,1.06696362e+03,8.42098451e-02,1.06687941e+03,6.04706881e+00,5.85234665e+00,4.43459783e+00,7.67493694e+02,1.34136117e+01,1.63346413e+01,1.03810704e+01,1.25344559e+01,-3.25860140e-01,3.79556697e-01,9.19627714e+00,7.19790099e+00,-3.33817881e+00,-3.18316943e+00,-1.55009379e-01,8.86331939e+02,8.87019422e+02,-5.94149566e+00,5.84037534e+02,-7.35934081e-01,5.84773468e+02,-1.66507456e+01,-8.59182537e+00,-1.38196730e+01,6.08036594e+00,-5.25480000e-01,4.65199289e+02,2.70436181e+00,2.74582141e+00,-3.23713384e+00,-2.64033706e+00,-1.96862706e+00,-6.71710000e-01,1.05484346e-01,9.48631847e+02,1.03169876e+03,3.45420998e+00,6.70911479e+00,6.16528358e+00,6.04405064e+00,-3.94218983e-01,2.89250771e-01,-1.40734864e-01,6.44310001e+00,9.49026066e+02,1.03140951e+03,-3.33517144e-02,1.19703301e-01,1.01152681e+00,1.63211543e-01,-6.99098112e-01,2.73287634e-01,-2.50325541e+00,-1.55225714e-01,-6.63284774e+00,-2.41850233e+00,3.00936000e-01,5.82289294e-01,-2.77820000e-02,-2.42678697e-01,-2.20239100e-01,-3.33517144e-02,NaN,NaN,NaN,NaN,NaN,NaN,NaN,NaN,NaN,NaN,NaN,NaN,NaN,NaN,NaN,NaN,NaN,NaN,NaN,NaN,NaN,NaN,NaN,NaN,NaN,NaN,NaN,NaN,NaN,NaN,NaN,NaN,NaN,NaN,NaN,NaN,NaN,NaN,4.80000000e+01,NaN,NaN,NaN,NaN,NaN,NaN,NaN,NaN,NaN,NaN,NaN,NaN,NaN,NaN
"2012Q2",1.06835098e+03,9.49728345e+02,1.03325110e+03,1.07683637e+01,8.85798470e+02,4.65420023e+02,1.54260957e-01,-6.65460000e-01,-5.00000000e-01,1.06835098e+03,3.74441037e-01,1.06797654e+03,5.54945237e+00,5.83763798e+00,4.38852760e+00,7.70185785e+02,1.07683637e+01,1.44621521e+01,1.02575931e+01,1.02307228e+01,-6.92598976e-01,1.33268525e+00,7.17544942e+00,5.82314854e+00,-3.05527340e+00,-4.43444460e+00,1.37917120e+00,8.85798470e+02,8.85720142e+02,-2.13387721e+00,5.81032708e+02,-1.30169462e+00,5.82334402e+02,-1.20193073e+01,-9.75626519e+00,-1.17847285e+01,5.98728059e+00,-5.00000000e-01,4.65420023e+02,8.82933590e-01,1.88548260e+00,-1.25094362e+00,-1.73122164e+00,-1.06576164e+00,-6.65460000e-01,1.54260957e-01,9.49728345e+02,1.03325110e+03,4.36284368e+00,6.36537383e+00,4.38599335e+00,6.20934155e+00,7.32366315e-01,2.21044490e-01,-1.20347838e-01,6.48216668e+00,9.48995979e+02,1.03303005e+03,-1.12884725e-01,7.30231957e-02,1.32947581e+00,2.00785240e-01,-7.07759947e-01,2.27686668e-01,-1.31006150e+00,-9.96665663e-02,-5.40086421e-01,-2.18280489e+00,-2.70680000e-02,-1.68055586e+00,-2.80920000e-02,-7.70121652e-02,-1.97034520e-01,-1.12884725e-01,NaN,NaN,NaN,NaN,NaN,NaN,NaN,NaN,NaN,NaN,NaN,NaN,NaN,NaN,NaN,NaN,NaN,NaN,NaN,NaN,NaN,NaN,NaN,NaN,NaN,NaN,NaN,NaN,NaN,NaN,NaN,NaN,NaN,NaN,NaN,NaN,NaN,NaN,4.90000000e+01,NaN,NaN,NaN,NaN,NaN,NaN,NaN,NaN,NaN,NaN,NaN,NaN,NaN,NaN
"2012Q3",1.06951849e+03,9.49681253e+02,1.03500717e+03,1.20894571e+01,8.85417384e+02,4.65696346e+02,1.46522603e-01,-6.53820000e-01,-7.48080000e-01,1.06951849e+03,4.61570354e-01,1.06905692e+03,4.67002099e+00,5.58316440e+00,4.32150372e+00,7.73208149e+02,1.20894571e+01,1.37008099e+01,1.01500935e+01,1.12578891e+01,-9.22033356e-01,8.79010688e-01,5.49610043e+00,4.85184690e+00,-5.76178866e+00,-5.29824658e+00,-4.63542078e-01,8.85417384e+02,8.84981219e+02,-1.52434046e+00,5.77905581e+02,-1.77404587e+00,5.79679627e+02,-1.25085059e+01,-1.06191009e+01,-1.35017438e+01,5.97467432e+00,-7.48080000e-01,4.65696346e+02,1.10529169e+00,1.71129444e+00,-4.19048770e-01,-1.56477183e+00,-9.10951833e-01,-6.53820000e-01,1.46522603e-01,9.49681253e+02,1.03500717e+03,3.86985537e+00,6.39004245e+00,-1.88366852e-01,7.02430555e+00,7.07935226e-01,3.55985409e-01,-9.06424949e-02,6.48454188e+00,9.48973318e+02,1.03465119e+03,-1.90482841e-01,-5.08219288e-02,9.40216068e-01,3.35822084e-01,-6.94364225e-01,1.98808535e-01,1.55662949e+00,-8.49237263e-02,-5.89830569e-03,-2.11408875e+00,-2.98080000e-01,-1.05518404e-03,-2.14520000e-02,-1.51501474e-02,-2.46122162e-01,-1.90482841e-01,NaN,NaN,NaN,NaN,NaN,NaN,NaN,NaN,NaN,NaN,NaN,NaN,NaN,NaN,NaN,NaN,NaN,NaN,NaN,NaN,NaN,NaN,NaN,NaN,NaN,NaN,NaN,NaN,NaN,NaN,NaN,NaN,NaN,NaN,NaN,NaN,NaN,NaN,5.00000000e+01,NaN,NaN,NaN,NaN,NaN,NaN,NaN,NaN,NaN,NaN,NaN,NaN,NaN,NaN
"2012Q4",1.07052888e+03,9.48296016e+02,1.03720260e+03,1.33545891e+01,8.85702753e+02,4.66371170e+02,1.60770695e-01,-6.50490000e-01,-1.02466000e+00,1.07052888e+03,4.52013398e-01,1.07007687e+03,4.04157402e+00,5.07702904e+00,4.07980184e+00,7.76546796e+02,1.33545891e+01,1.24065054e+01,1.00480010e+01,1.26405006e+01,-5.47975321e-01,-4.37573067e-01,4.14819215e+00,4.95700734e+00,-8.49230842e+00,-5.09099370e+00,-3.40131472e+00,8.85702753e+02,8.84970837e+02,1.14147396e+00,5.75527127e+02,-1.53825470e+00,5.77065381e+02,-9.51381790e+00,-1.04569825e+01,-1.26730942e+01,6.01647884e+00,-1.02466000e+00,4.66371170e+02,2.69929724e+00,1.84797108e+00,3.84077120e+00,-1.68720039e+00,-1.03671039e+00,-6.50490000e-01,1.60770695e-01,9.48296016e+02,1.03720260e+03,1.20549037e+00,7.01485457e+00,-5.54094860e+00,8.78172054e+00,-6.80657437e-01,9.37443755e-01,1.34220444e-02,6.45588715e+00,9.48976674e+02,1.03626516e+03,-4.43345780e-01,-1.95016265e-01,-2.14897049e-01,7.44119949e-01,-6.14063960e-01,1.68253653e-01,1.09848623e+00,-8.05915171e-02,2.91078654e+00,-1.26170182e+00,-3.51388000e-01,1.41506389e+00,-2.74340000e-02,3.67393869e-02,-2.26349388e-01,-4.43345780e-01,NaN,NaN,NaN,NaN,NaN,NaN,NaN,NaN,NaN,NaN,NaN,NaN,NaN,NaN,NaN,NaN,NaN,NaN,NaN,NaN,NaN,NaN,NaN,NaN,NaN,NaN,NaN,NaN,NaN,NaN,NaN,NaN,NaN,NaN,NaN,NaN,NaN,NaN,5.10000000e+01,NaN,NaN,NaN,NaN,NaN,NaN,NaN,NaN,NaN,NaN,NaN,NaN,NaN,NaN
"2013Q1",1.07145577e+03,9.46405132e+02,1.03935251e+03,1.21520144e+01,8.85086107e+02,4.66864833e+02,1.43986290e-01,-6.08630000e-01,-5.93040000e-01,1.07145577e+03,2.59799128e-01,1.07119597e+03,3.70755117e+00,4.49214964e+00,4.47640825e+00,7.79584800e+02,1.21520144e+01,1.20911061e+01,9.94048492e+00,1.13842005e+01,-7.29696073e-01,5.59507159e-01,4.94415945e+00,5.42832966e+00,-6.44004108e+00,-4.51215525e+00,-1.92788583e+00,8.85086107e+02,8.84913221e+02,-2.46658483e+00,5.72366140e+02,-2.21776915e+00,5.74583909e+02,-1.26439455e+01,-9.92588776e+00,-1.16713942e+01,6.02236251e+00,-5.93040000e-01,4.66864833e+02,1.97465367e+00,1.66554405e+00,-4.91931163e-01,-1.52155776e+00,-9.12927756e-01,-6.08630000e-01,1.43986290e-01,9.46405132e+02,1.03935251e+03,-2.22671482e+00,7.65375188e+00,-7.56353716e+00,8.59963987e+00,-2.63963451e+00,1.50241354e+00,2.72371115e-01,6.33976072e+00,9.49044766e+02,1.03785010e+03,-4.31355884e-02,-1.97462233e-01,-1.82487379e+00,1.18028679e+00,-4.38366520e-01,7.50510020e-02,-1.97524935e-01,-8.70361066e-02,-2.12098464e+00,-8.60301725e-01,3.29154000e-01,-5.84784124e-01,1.17620000e-02,9.17943039e-03,-2.62904266e-01,-4.31355884e-02,NaN,NaN,NaN,NaN,NaN,NaN,NaN,NaN,NaN,NaN,NaN,NaN,NaN,NaN,NaN,NaN,NaN,NaN,NaN,NaN,NaN,NaN,NaN,NaN,NaN,NaN,NaN,NaN,NaN,NaN,NaN,NaN,NaN,NaN,NaN,NaN,NaN,NaN,5.20000000e+01,NaN,NaN,NaN,NaN,NaN,NaN,NaN,NaN,NaN,NaN,NaN,NaN,NaN,NaN
"2013Q2",1.07235958e+03,9.44973429e+02,1.04092031e+03,9.32360021e+00,8.83987157e+02,4.66808376e+02,1.16242412e-01,-5.98840000e-01,-9.32950000e-01,1.07235958e+03,-1.94035049e-01,1.07255362e+03,3.61524242e+00,4.00859715e+00,5.43057913e+00,7.81915700e+02,9.32360021e+00,1.17299152e+01,9.86794747e+00,8.50561919e+00,-1.45595589e+00,2.76122689e+00,6.69828919e+00,6.34435165e+00,-1.80733001e+00,-3.52359582e+00,1.71626581e+00,8.83987157e+02,8.84410003e+02,-4.39580096e+00,5.68879833e+02,-3.45786761e+00,5.72337701e+02,-1.39452292e+01,-8.98483534e+00,-1.21528746e+01,6.06007952e+00,-9.32950000e-01,4.66808376e+02,-2.25828004e-01,1.38835365e+00,-4.62162897e+00,-1.27211123e+00,-6.73271235e-01,-5.98840000e-01,1.16242412e-01,9.44973429e+02,1.04092031e+03,-4.75491573e+00,7.66921535e+00,-5.72681031e+00,6.27119544e+00,-4.25624411e+00,1.54691169e+00,7.39628112e-01,6.09320284e+00,9.49229673e+02,1.03937340e+03,9.43448712e-01,6.66211258e-02,-2.19006686e+00,1.39893518e+00,-1.78268780e-01,-7.86057436e-02,-8.83467564e-01,-5.31325991e-02,-5.20994202e+00,-3.44125131e-01,-3.99214000e-01,-2.20555094e+00,-1.19360000e-02,4.21895164e-02,-2.79178620e-01,9.43448712e-01,NaN,NaN,NaN,NaN,NaN,NaN,NaN,NaN,NaN,NaN,NaN,NaN,NaN,NaN,NaN,NaN,NaN,NaN,NaN,NaN,NaN,NaN,NaN,NaN,NaN,NaN,NaN,NaN,NaN,NaN,NaN,NaN,NaN,NaN,NaN,NaN,NaN,NaN,5.30000000e+01,NaN,NaN,NaN,NaN,NaN,NaN,NaN,NaN,NaN,NaN,NaN,NaN,NaN,NaN
"2013Q3",1.07328559e+03,9.45070110e+02,1.04153964e+03,9.63990955e+00,8.84227797e+02,4.67248794e+02,8.52636402e-02,-6.25030000e-01,-6.83210000e-01,1.07328559e+03,-8.35059909e-01,1.07412065e+03,3.70401513e+00,3.76709569e+00,6.26811457e+00,7.84325677e+02,9.63990955e+00,1.11175283e+01,9.84841951e+00,9.12812160e+00,-1.65659978e+00,1.98505974e+00,6.93652291e+00,7.57104905e+00,-2.19159869e+00,-2.27737045e+00,8.57717633e-02,8.84227797e+02,8.84457867e+02,9.62562364e-01,5.67150913e+02,-3.25125172e+00,5.70402165e+02,-6.91567813e+00,-7.74214169e+00,-1.07546677e+01,6.08980124e+00,-6.83210000e-01,4.67248794e+02,1.76166905e+00,1.55244799e+00,2.72423141e+00,-1.46718435e+00,-8.42154347e-01,-6.25030000e-01,8.52636402e-02,9.45070110e+02,1.04153964e+03,-4.61114297e+00,6.53246918e+00,3.86724181e-01,2.47732088e+00,-4.49941534e+00,7.35378134e-01,1.35940910e+00,5.72345512e+00,9.49569526e+02,1.04080426e+03,1.85387326e+00,5.77710151e-01,-1.82472529e+00,4.81161604e-01,6.77066128e-02,-2.51107151e-01,7.38107703e-01,-8.48488645e-04,-1.34860827e-01,1.45726578e-01,1.56445000e-01,1.54233145e+00,-4.59580000e-02,4.17376231e-02,-2.82724290e-01,1.85387326e+00,NaN,NaN,NaN,NaN,NaN,NaN,NaN,NaN,NaN,NaN,NaN,NaN,NaN,NaN,NaN,NaN,NaN,NaN,NaN,NaN,NaN,NaN,NaN,NaN,NaN,NaN,NaN,NaN,NaN,NaN,NaN,NaN,NaN,NaN,NaN,NaN,NaN,NaN,5.40000000e+01,NaN,NaN,NaN,NaN,NaN,NaN,NaN,NaN,NaN,NaN,NaN,NaN,NaN,NaN
"2013Q4",1.07419731e+03,9.47104822e+02,1.04180925e+03,9.11654299e+00,8.85089367e+02,4.67575968e+02,8.53835379e-02,-6.19360000e-01,-4.73740000e-01,1.07419731e+03,-1.13135745e+00,1.07532867e+03,3.64689729e+00,3.66842650e+00,4.83208744e+00,7.86604813e+02,9.11654299e+00,1.00580168e+01,9.82854623e+00,8.68869144e+00,-1.75555500e+00,1.50544297e+00,7.21650737e+00,8.63993536e+00,-1.47218407e+00,-1.18861086e+00,-2.83573205e-01,8.85089367e+02,8.85417603e+02,3.44628160e+00,5.66060522e+02,-2.69812041e+00,5.68758643e+02,-4.36156527e+00,-6.57409050e+00,-9.46660453e+00,6.00483963e+00,-4.73740000e-01,4.67575968e+02,1.30869612e+00,1.20479771e+00,4.75497772e+00,-1.11941417e+00,-5.00054169e-01,-6.19360000e-01,8.53835379e-02,9.47104822e+02,1.04180925e+03,-1.19119443e+00,4.60664628e+00,8.13884556e+00,1.07842893e+00,-2.97387543e+00,-3.41706883e-01,2.03668593e+00,5.38676900e+00,9.50078697e+02,1.04215096e+03,4.50343365e-01,8.01132437e-01,-3.45175762e-01,-2.11031841e-01,2.49158645e-01,-2.91995096e-01,2.46276956e-02,-1.38908578e-03,5.83013310e-01,3.19622857e-01,1.41149000e-01,-5.00639122e-01,-1.93360000e-02,-6.70013576e-02,-2.58955374e-01,4.50343365e-01,NaN,NaN,NaN,NaN,NaN,NaN,NaN,NaN,NaN,NaN,NaN,NaN,NaN,NaN,NaN,NaN,NaN,NaN,NaN,NaN,NaN,NaN,NaN,NaN,NaN,NaN,NaN,NaN,NaN,NaN,NaN,NaN,NaN,NaN,NaN,NaN,NaN,NaN,5.50000000e+01,NaN,NaN,NaN,NaN,NaN,NaN,NaN,NaN,NaN,NaN,NaN,NaN,NaN,NaN
"2014Q1",1.07509857e+03,9.49773608e+02,1.04200087e+03,1.04411479e+01,8.86017634e+02,4.68272438e+02,7.25636662e-02,-5.32340000e-01,-1.29928000e+00,1.07509857e+03,-1.29987826e+00,1.07639845e+03,3.60503385e+00,3.64279717e+00,4.27911709e+00,7.89215100e+02,1.04411479e+01,9.63030016e+00,9.79673777e+00,9.86566337e+00,-1.91028685e+00,6.40675760e-01,7.59873497e+00,9.26338522e+00,-2.26692840e+00,-5.33352550e-01,-1.73357585e+00,8.86017634e+02,8.86502975e+02,3.71306645e+00,5.65074973e+02,-2.22351017e+00,5.67298483e+02,-3.94219786e+00,-5.84063884e+00,-7.29116761e+00,5.83962629e+00,-1.29928000e+00,4.68272438e+02,2.78588359e+00,1.40760519e+00,6.49895004e+00,-1.33504152e+00,-8.02701522e-01,-5.32340000e-01,7.25636662e-02,9.49773608e+02,1.04200087e+03,3.36847566e+00,2.64835555e+00,1.06751432e+01,7.66476957e-01,-9.71873153e-01,-1.44045187e+00,2.66713410e+00,5.16145692e+00,9.50745481e+02,1.04344132e+03,-1.34042982e-01,7.78405588e-01,1.55448856e+00,-7.26911528e-01,3.37785356e-01,-2.47958275e-01,1.42556229e+00,-1.35229979e-02,2.68752861e-01,1.18633557e-01,-8.72914000e-01,1.33892669e+00,6.31480000e-02,-1.64245417e-01,-2.89275164e-01,-1.34042982e-01,NaN,NaN,NaN,NaN,NaN,NaN,NaN,NaN,NaN,NaN,NaN,NaN,NaN,NaN,NaN,NaN,NaN,NaN,NaN,NaN,NaN,NaN,NaN,NaN,NaN,NaN,NaN,NaN,NaN,NaN,NaN,NaN,NaN,NaN,NaN,NaN,NaN,NaN,5.60000000e+01,NaN,NaN,NaN,NaN,NaN,NaN,NaN,NaN,NaN,NaN,NaN,NaN,NaN,NaN
"2014Q2",1.07600390e+03,9.51715734e+02,1.04226955e+03,8.47391168e+00,8.86006703e+02,4.68840539e+02,9.10185655e-02,-4.46010000e-01,-7.00000000e-01,1.07600390e+03,-1.66008747e+00,1.07766399e+03,3.62132275e+00,3.64431725e+00,5.06215960e+00,7.91333578e+02,8.47391168e+00,9.41787803e+00,9.74446886e+00,7.94147485e+00,-2.48944147e+00,1.95848860e+00,9.19694854e+00,9.88265076e+00,1.25547369e+00,1.38181906e-01,1.11729179e+00,8.86006703e+02,8.87137974e+02,-4.37262811e-02,5.63513664e+02,-2.51928648e+00,5.66032950e+02,-6.24523488e+00,-5.06212962e+00,-5.36616904e+00,5.64632153e+00,-7.00000000e-01,4.68840539e+02,2.27240308e+00,2.03216296e+00,2.22867680e+00,-1.94114439e+00,-1.49513439e+00,-4.46010000e-01,9.10185655e-02,9.51715734e+02,1.04226955e+03,6.74230467e+00,1.34923929e+00,7.76850574e+00,1.07473039e+00,1.70614296e-01,-2.44467394e+00,3.19855594e+00,5.09161867e+00,9.51545120e+02,1.04471423e+03,5.38459754e-01,6.77158349e-01,1.21655087e+00,-8.65100836e-01,3.64848666e-01,-1.37546873e-01,-4.05435016e-01,-3.43015296e-02,-4.54411198e+00,3.10381451e-01,4.69352000e-01,-3.56303788e-01,7.98620000e-02,-2.25379504e-01,-2.77830367e-01,5.38459754e-01,NaN,NaN,NaN,NaN,NaN,NaN,NaN,NaN,NaN,NaN,NaN,NaN,NaN,NaN,NaN,NaN,NaN,NaN,NaN,NaN,NaN,NaN,NaN,NaN,NaN,NaN,NaN,NaN,NaN,NaN,NaN,NaN,NaN,NaN,NaN,NaN,NaN,NaN,5.70000000e+01,NaN,NaN,NaN,NaN,NaN,NaN,NaN,NaN,NaN,NaN,NaN,NaN,NaN,NaN
"2014Q3",1.07690154e+03,9.51845275e+02,1.04287164e+03,8.54297656e+00,8.86679219e+02,4.69023717e+02,8.95798653e-02,-4.05600000e-01,-1.45660000e-01,1.07690154e+03,-2.38139970e+00,1.07928294e+03,3.59057227e+00,3.61595654e+00,6.47582117e+00,7.93469322e+02,8.54297656e+00,9.14364478e+00,9.71151042e+00,7.72275468e+00,-2.92047075e+00,2.12593411e+00,1.00136910e+01,1.08593849e+01,2.29093636e+00,1.14787445e+00,1.14306191e+00,8.86679219e+02,8.87889849e+02,2.69006713e+00,5.62233615e+02,-2.78118225e+00,5.65014797e+02,-5.12019676e+00,-4.07261369e+00,-4.91729869e+00,5.62608814e+00,-1.45660000e-01,4.69023717e+02,7.32712667e-01,1.77492386e+00,3.42277980e+00,-1.68534400e+00,-1.27974400e+00,-4.05600000e-01,8.95798653e-02,9.51845275e+02,1.04287164e+03,6.77516436e+00,1.33200138e+00,5.18162915e-01,2.40836925e+00,-6.36057511e-01,-3.12940349e+00,3.74485014e+00,5.14728745e+00,9.52481332e+02,1.04600105e+03,1.74926491e+00,6.51006262e-01,-6.04836659e-01,-7.45024703e-01,4.86005388e-01,-2.60074811e-02,1.19328932e+00,-1.55137475e-02,-2.07039863e+00,6.77090009e-01,4.84340000e-01,-1.48520980e+00,5.12080000e-02,-9.09690819e-02,-3.02114987e-01,1.74926491e+00,NaN,NaN,NaN,NaN,NaN,NaN,NaN,NaN,NaN,NaN,NaN,NaN,NaN,NaN,NaN,NaN,NaN,NaN,NaN,NaN,NaN,NaN,NaN,NaN,NaN,NaN,NaN,NaN,NaN,NaN,NaN,NaN,NaN,NaN,NaN,NaN,NaN,NaN,5.80000000e+01,NaN,NaN,NaN,NaN,NaN,NaN,NaN,NaN,NaN,NaN,NaN,NaN,NaN,NaN
"2014Q4",1.07770630e+03,9.50742130e+02,1.04433754e+03,8.11611376e+00,8.88427065e+02,4.68793813e+02,1.01568402e-01,-3.30220000e-01,-3.23350000e-01,1.07770630e+03,-2.94657756e+00,1.08065288e+03,3.21905066e+00,3.50899488e+00,5.47976210e+00,7.95498350e+02,8.11611376e+00,8.89353747e+00,9.68317208e+00,7.26724048e+00,-2.79106252e+00,1.77940064e+00,1.06436452e+01,1.26034352e+01,3.37640468e+00,2.92026309e+00,4.56141585e-01,8.88427065e+02,8.89724260e+02,6.99138285e+00,5.61722528e+02,-2.66157334e+00,5.64384101e+02,-2.04434819e+00,-2.52278382e+00,-4.33799442e+00,5.77326691e+00,-3.23350000e-01,4.68793813e+02,-9.19617282e-01,1.21784551e+00,6.07176557e+00,-1.11627711e+00,-7.86057112e-01,-3.30220000e-01,1.01568402e-01,9.50742130e+02,1.04433754e+03,3.63730833e+00,2.52829453e+00,-4.41257856e+00,5.86360150e+00,-2.85623385e+00,-2.98529629e+00,4.46812680e+00,5.28717269e+00,9.53598364e+02,1.04732284e+03,4.38303175e-01,6.47996215e-01,-2.27952510e+00,7.08258281e-02,7.72246689e-01,6.93427289e-02,6.60445888e-01,-1.12232387e-02,3.64089562e-01,1.43530713e+00,-1.92256000e-01,-1.90578742e+00,9.42600000e-02,7.23963979e-02,-3.04051490e-01,4.38303175e-01,NaN,NaN,NaN,NaN,NaN,NaN,NaN,NaN,NaN,NaN,NaN,NaN,NaN,NaN,NaN,NaN,NaN,NaN,NaN,NaN,NaN,NaN,NaN,NaN,NaN,NaN,NaN,NaN,NaN,NaN,NaN,NaN,NaN,NaN,NaN,NaN,NaN,NaN,5.90000000e+01,NaN,NaN,NaN,NaN,NaN,NaN,NaN,NaN,NaN,NaN,NaN,NaN,NaN,NaN
"2015Q1",1.07854587e+03,9.49241358e+02,1.04631250e+03,8.13571462e+00,8.90459999e+02,4.68220715e+02,1.14474453e-01,-2.52110000e-01,-7.18500000e-02,1.07854587e+03,-3.36459394e+00,1.08191046e+03,3.35824346e+00,3.44729728e+00,5.03030897e+00,7.97532279e+02,8.13571462e+00,8.31717916e+00,9.65937993e+00,7.07482762e+00,-2.76955709e+00,1.90625425e+00,1.22736169e+01,1.46621564e+01,5.19878929e+00,5.00277647e+00,1.96012817e-01,8.90459999e+02,8.92268475e+02,8.13173687e+00,5.61148435e+02,-3.04641520e+00,5.64194850e+02,-2.29636995e+00,-7.57002526e-01,-3.92653745e+00,6.01188900e+00,-7.18500000e-02,4.68220715e+02,-2.29239220e+00,-5.17234337e-02,5.83934467e+00,1.66197887e-01,4.18307887e-01,-2.52110000e-01,1.14474453e-01,9.49241358e+02,1.04631250e+03,-5.32249525e-01,4.31163315e+00,-6.00308819e+00,7.89983144e+00,-5.72201663e+00,-2.35426993e+00,5.46004291e+00,5.37572600e+00,9.54963375e+02,1.04866677e+03,-3.70712097e-01,5.88828936e-01,-4.23641970e+00,8.52839557e-01,1.18554147e+00,4.59878430e-02,1.21070187e+00,-6.96042963e-03,-1.08371746e+00,1.96122453e+00,2.19165000e-01,-1.95669838e+00,1.12066000e-01,1.93275469e-01,-3.16358268e-01,-3.70712097e-01,NaN,NaN,NaN,NaN,NaN,NaN,NaN,NaN,NaN,NaN,NaN,NaN,NaN,NaN,NaN,NaN,NaN,NaN,NaN,NaN,NaN,NaN,NaN,NaN,NaN,NaN,NaN,NaN,NaN,NaN,NaN,NaN,NaN,NaN,NaN,NaN,NaN,NaN,6.00000000e+01,NaN,NaN,NaN,NaN,NaN,NaN,NaN,NaN,NaN,NaN,NaN,NaN,NaN,NaN
"2015Q2",1.07957456e+03,9.48108946e+02,1.04833421e+03,7.38228870e+00,8.92332528e+02,4.68805853e+02,1.25730926e-01,-2.24130000e-01,2.43150000e-01,1.07957456e+03,-3.72621520e+00,1.08330078e+03,4.11478051e+00,3.57066172e+00,5.56126554e+00,7.99377851e+02,7.38228870e+00,8.04427341e+00,9.65685301e+00,7.17073718e+00,-2.35022363e+00,1.71498995e+00,1.48275851e+01,1.72401080e+01,7.65684791e+00,7.58325503e+00,7.35928791e-02,8.92332528e+02,8.94856741e+02,7.49011438e+00,5.61760530e+02,-2.80925467e+00,5.64569785e+02,2.44837893e+00,1.49973680e+00,-1.75313399e+00,6.30764823e+00,2.43150000e-01,4.68805853e+02,2.34055325e+00,-3.46858917e-02,9.83066763e+00,1.60416817e-01,3.84546817e-01,-2.24130000e-01,1.25730926e-01,9.48108946e+02,1.04833421e+03,-3.60678822e+00,6.06465729e+00,-4.52964902e+00,8.08682698e+00,-8.54347083e+00,-1.66167707e+00,6.75616778e+00,5.31645553e+00,9.56652417e+02,1.04999589e+03,-1.87103667e-01,4.07438081e-01,-5.87698252e+00,1.26842007e+00,1.68813345e+00,-8.41252626e-02,1.25115035e-01,1.40668855e-02,-3.39319098e+00,2.80533882e+00,3.07815000e-01,3.77446701e+00,7.75580000e-02,2.98137032e-01,-3.21022637e-01,-1.87103667e-01,NaN,NaN,NaN,NaN,NaN,NaN,NaN,NaN,NaN,NaN,NaN,NaN,NaN,NaN,NaN,NaN,NaN,NaN,NaN,NaN,NaN,NaN,NaN,NaN,NaN,NaN,NaN,NaN,NaN,NaN,NaN,NaN,NaN,NaN,NaN,NaN,NaN,NaN,6.10000000e+01,NaN,NaN,NaN,NaN,NaN,NaN,NaN,NaN,NaN,NaN,NaN,NaN,NaN,NaN
"2015Q3",1.08103919e+03,9.48493555e+02,1.05009946e+03,6.37978392e+00,8.97162152e+02,4.69143953e+02,1.35677916e-01,-2.04210000e-01,4.47900000e-02,1.08103919e+03,-3.88584186e+00,1.08492503e+03,5.85852123e+00,4.13764896e+00,6.49702791e+00,8.00972797e+02,6.37978392e+00,7.50347525e+00,9.69701766e+00,7.06542157e+00,-6.08318393e-01,-9.31700315e-01,1.48451420e+01,2.01619220e+01,7.77972042e+00,1.04649043e+01,-2.68518392e+00,8.97162152e+02,8.99175978e+02,1.93184973e+01,5.65333308e+02,-2.37288753e-01,5.65570597e+02,1.42911119e+01,4.00324821e+00,3.09969316e+00,6.66586612e+00,4.47900000e-02,4.69143953e+02,1.35239844e+00,1.20235553e-01,2.06708958e+01,1.54423631e-02,2.19652363e-01,-2.04210000e-01,1.35677916e-01,9.48493555e+02,1.05009946e+03,-3.35172016e+00,7.22781289e+00,1.53843512e+00,7.06099163e+00,-1.02347929e+01,-1.16486285e+00,8.30372336e+00,5.07373478e+00,9.58728347e+02,1.05126432e+03,4.54296553e-01,8.36959912e-02,-5.99888948e+00,1.00824248e+00,2.19878914e+00,-2.79429650e-01,-1.68517173e+00,5.67331802e-02,7.82945197e+00,3.50345877e+00,-1.74045000e-01,-9.20044155e-01,7.50940000e-02,4.19747537e-01,-3.24064825e-01,4.54296553e-01,NaN,NaN,NaN,NaN,NaN,NaN,NaN,NaN,NaN,NaN,NaN,NaN,NaN,NaN,NaN,NaN,NaN,NaN,NaN,NaN,NaN,NaN,NaN,NaN,NaN,NaN,NaN,NaN,NaN,NaN,NaN,NaN,NaN,NaN,NaN,NaN,NaN,NaN,6.20000000e+01,NaN,NaN,NaN,NaN,NaN,NaN,NaN,NaN,NaN,NaN,NaN,NaN,NaN,NaN
"2015Q4",1.08340282e+03,9.52299242e+02,1.05198464e+03,7.21584909e+00,9.00835779e+02,4.69238166e+02,1.58104948e-01,-1.40290000e-01,-2.55750000e-01,1.08340282e+03,-2.99419968e+00,1.08639702e+03,9.45451220e+00,5.69651435e+00,5.88794345e+00,8.02776760e+02,7.21584909e+00,7.27840908e+00,9.71115947e+00,7.62614951e+00,1.16032055e-01,-1.27795246e+00,1.68063464e+01,2.13381408e+01,9.18019694e+00,1.16269813e+01,-2.44678435e+00,9.00835779e+02,9.03610747e+02,1.46945074e+01,5.67297185e+02,4.98731193e-01,5.66798454e+02,7.85551037e+00,4.91143059e+00,5.57465780e+00,6.85584071e+00,-2.55750000e-01,4.69238166e+02,3.76852087e-01,4.44352895e-01,1.50713595e+01,-2.86247947e-01,-1.45957947e-01,-1.40290000e-01,1.58104948e-01,9.52299242e+02,1.05198464e+03,1.55711190e+00,7.64709684e+00,1.52227497e+01,7.54073732e+00,-8.91196007e+00,-4.58016651e-01,9.93141843e+00,4.71335252e+00,9.61211202e+02,1.05244266e+03,-3.90828841e-01,-1.23587013e-01,-3.58996363e+00,1.15902096e+00,2.58843974e+00,-4.45635306e-01,1.73967947e-01,3.11119837e-02,4.68705701e-01,2.40883202e+00,-2.96061000e-01,-1.10506667e+00,1.23078000e-01,3.23147808e-01,-3.22379384e-01,-3.90828841e-01,NaN,NaN,NaN,NaN,NaN,NaN,NaN,NaN,NaN,NaN,NaN,NaN,NaN,NaN,NaN,NaN,NaN,NaN,NaN,NaN,NaN,NaN,NaN,NaN,NaN,NaN,NaN,NaN,NaN,NaN,NaN,NaN,NaN,NaN,NaN,NaN,NaN,NaN,6.30000000e+01,NaN,NaN,NaN,NaN,NaN,NaN,NaN,NaN,NaN,NaN,NaN,NaN,NaN,NaN
"2016Q1",1.08621922e+03,9.58076769e+02,1.05379704e+03,8.28832873e+00,9.08686713e+02,4.69298755e+02,3.64644364e-01,-1.01510000e-01,-2.74300000e-01,1.08621922e+03,-1.59038717e+00,1.08780961e+03,1.12656109e+01,7.67335622e+00,5.65036091e+00,8.04848842e+02,8.28832873e+00,7.31656261e+00,9.73488138e+00,9.87635053e+00,3.07791977e+00,-6.46618899e+00,1.35649724e+01,2.21841449e+01,3.68862182e+00,1.24492635e+01,-8.76064170e+00,9.08686713e+02,9.09710490e+02,3.14037346e+01,5.73136626e+02,4.93655386e+00,5.68200072e+02,2.33577606e+01,5.60646992e+00,1.19881904e+01,6.94430360e+00,-2.74300000e-01,4.69298755e+02,2.42354718e-01,1.07803963e+00,3.16460893e+01,-7.13395262e-01,-6.11885262e-01,-1.01510000e-01,3.64644364e-01,9.58076769e+02,1.05379704e+03,8.83541070e+00,7.48453329e+00,2.31101070e+01,7.24957724e+00,-5.97788408e+00,2.89968646e-01,1.13738030e+01,4.25763605e+00,9.64054653e+02,1.05350707e+03,-7.42125238e-01,-2.16440298e-01,-1.30246404e+00,1.92356819e-01,2.72866828e+00,-6.13045961e-01,-2.26537361e+00,4.08335000e-02,2.02962890e+01,2.37732545e+00,-4.41250000e-02,-4.59126952e-01,1.10722000e-01,2.59631035e-01,-1.41537595e-01,-7.42125238e-01,NaN,NaN,NaN,NaN,NaN,NaN,NaN,NaN,NaN,NaN,NaN,NaN,NaN,NaN,NaN,NaN,NaN,NaN,NaN,NaN,NaN,NaN,NaN,NaN,NaN,NaN,NaN,NaN,NaN,NaN,NaN,NaN,NaN,NaN,NaN,NaN,NaN,NaN,6.40000000e+01,NaN,NaN,NaN,NaN,NaN,NaN,NaN,NaN,NaN,NaN,NaN,NaN,NaN,NaN
"2016Q2",1.08895857e+03,9.64097178e+02,1.05524250e+03,9.17775137e+00,9.10430062e+02,4.69851589e+02,3.68530093e-01,-8.32500000e-02,-1.34410000e-01,1.08895857e+03,-3.79171867e-01,1.08933774e+03,1.09573777e+01,9.38400550e+00,6.11251643e+00,8.07143280e+02,9.17775137e+00,7.76542828e+00,9.63997313e+00,1.00206810e+01,2.79489704e+00,-3.92263669e+00,1.61016151e+01,1.93144683e+01,6.08093406e+00,9.67449519e+00,-3.59356113e+00,9.10430062e+02,9.13142950e+02,6.97339623e+00,5.73138371e+02,4.14202040e+00,5.68996351e+02,6.98309633e-03,3.18511692e+00,1.13778415e+01,6.57262828e+00,-1.34410000e-01,4.69851589e+02,2.21133824e+00,1.04573587e+00,9.18473447e+00,-6.77205780e-01,-5.93955780e-01,-8.32500000e-02,3.68530093e-01,9.64097178e+02,1.05524250e+03,1.59882319e+01,6.90828983e+00,2.40816359e+01,5.78185314e+00,-3.07040089e+00,7.74212002e-01,1.24517032e+01,3.84487971e+00,9.67167579e+02,1.05446829e+03,-3.14410325e-01,-2.48266963e-01,2.60691460e-02,2.09801583e-01,2.65266077e+00,-6.61229127e-01,-6.66458169e-02,-7.75594384e-02,-5.76994458e+00,-6.00059021e-01,1.12460000e-01,1.61745447e+00,9.79580000e-02,-1.82814602e-01,-3.06535398e-01,-3.14410325e-01,NaN,NaN,NaN,NaN,NaN,NaN,NaN,NaN,NaN,NaN,NaN,NaN,NaN,NaN,NaN,NaN,NaN,NaN,NaN,NaN,NaN,NaN,NaN,NaN,NaN,NaN,NaN,NaN,NaN,NaN,NaN,NaN,NaN,NaN,NaN,NaN,NaN,NaN,6.50000000e+01,NaN,NaN,NaN,NaN,NaN,NaN,NaN,NaN,NaN,NaN,NaN,NaN,NaN,NaN
"2016Q3",1.09124307e+03,9.69378105e+02,1.05610402e+03,8.20678676e+00,9.11641115e+02,4.70269301e+02,3.93753771e-01,-2.95300000e-02,-1.00000000e-01,1.09124307e+03,2.13972262e-01,1.09102910e+03,9.13801619e+00,1.02038792e+01,6.76543968e+00,8.09194976e+02,8.20678676e+00,8.22217899e+00,9.58173232e+00,9.00645321e+00,2.30705694e+00,-2.22655783e+00,1.62533164e+01,1.73906772e+01,7.24686322e+00,7.80894490e+00,-5.62081681e-01,9.11641115e+02,9.14054551e+02,4.84421409e+00,5.72715440e+02,3.33620859e+00,5.69379231e+02,-1.69172668e+00,1.53152057e+00,7.38213184e+00,6.30695433e+00,-1.00000000e-01,4.70269301e+02,1.67084599e+00,1.12534776e+00,6.51506008e+00,-7.31593989e-01,-7.02063989e-01,-2.95300000e-02,3.93753771e-01,9.69378105e+02,1.05610402e+03,2.08845503e+01,6.00456362e+00,2.11237086e+01,3.44608676e+00,-1.06786123e+00,7.63329472e-01,1.31135500e+01,3.48961689e+00,9.70445966e+02,1.05534069e+03,3.88642865e-01,-2.64680385e-01,5.47339219e-01,-8.25793109e-02,2.45218742e+00,-6.86286886e-01,-1.20940087e+00,-4.18410724e-02,-2.18162230e+00,-3.16572965e-01,2.09690000e-02,-4.98224600e-01,1.37070000e-01,-1.51148294e-01,-2.95164303e-01,3.88642865e-01,NaN,NaN,NaN,NaN,NaN,NaN,NaN,NaN,NaN,NaN,NaN,NaN,NaN,NaN,NaN,NaN,NaN,NaN,NaN,NaN,NaN,NaN,NaN,NaN,NaN,NaN,NaN,NaN,NaN,NaN,NaN,NaN,NaN,NaN,NaN,NaN,NaN,NaN,6.60000000e+01,NaN,NaN,NaN,NaN,NaN,NaN,NaN,NaN,NaN,NaN,NaN,NaN,NaN,NaN
"2016Q4",1.09336888e+03,9.75202523e+02,1.05664849e+03,7.54505093e+00,9.12780887e+02,4.71008698e+02,4.45745079e-01,-1.33900000e-02,-1.30200000e-01,1.09336888e+03,7.76688964e-01,1.09259219e+03,8.50323211e+00,9.96605922e+00,6.25236530e+00,8.11081239e+02,7.54505093e+00,8.30447945e+00,9.53547822e+00,8.68909733e+00,2.24123233e+00,-1.93862212e+00,1.46927110e+01,1.52859924e+01,6.00361362e+00,5.75051413e+00,2.53099484e-01,9.12780887e+02,9.14570896e+02,4.55908554e+00,5.72708346e+02,3.39976986e+00,5.69308576e+02,-2.83749079e-02,-2.82619978e-01,5.41116052e+00,6.04652411e+00,-1.30200000e-01,4.71008698e+02,2.95759049e+00,1.77053236e+00,7.51667602e+00,-1.32478728e+00,-1.31139728e+00,-1.33900000e-02,4.45745079e-01,9.75202523e+02,1.05664849e+03,2.29032807e+01,4.66384591e+00,2.32976714e+01,2.17786648e+00,1.41430248e+00,5.03426027e-01,1.33690166e+01,3.21748026e+00,9.73788220e+02,1.05614506e+03,-1.05758561e-02,-1.69617138e-01,2.05239310e+00,-5.34787058e-01,2.17817660e+00,-6.74213248e-01,-1.38981857e+00,-3.04367785e-02,-4.27057972e-01,-8.07836432e-01,-4.02000000e-02,1.22091369e+00,1.10234000e-01,-1.99039351e-01,-2.66579938e-01,-1.05758561e-02,NaN,NaN,NaN,NaN,NaN,NaN,NaN,NaN,NaN,NaN,NaN,NaN,NaN,NaN,NaN,NaN,NaN,NaN,NaN,NaN,NaN,NaN,NaN,NaN,NaN,NaN,NaN,NaN,NaN,NaN,NaN,NaN,NaN,NaN,NaN,NaN,NaN,NaN,6.70000000e+01,NaN,NaN,NaN,NaN,NaN,NaN,NaN,NaN,NaN,NaN,NaN,NaN,NaN,NaN
"2017Q1",1.09537571e+03,9.80921940e+02,1.05708632e+03,7.61432086e+00,9.14333149e+02,4.71799785e+02,6.94085643e-01,3.93300000e-02,-1.78700000e-01,1.09537571e+03,1.27027630e+00,1.09410544e+03,8.02733520e+00,9.15649029e+00,6.05298585e+00,8.12984819e+02,7.61432086e+00,8.13597748e+00,9.48406843e+00,9.03041583e+00,2.74400228e+00,-2.94881596e+00,1.16718958e+01,1.28087194e+01,2.64147998e+00,3.32465093e+00,-6.83170947e-01,9.14333149e+02,9.15133095e+02,6.20904834e+00,5.73148115e+02,4.45924596e+00,5.68688869e+02,1.75907538e+00,-2.47882905e+00,1.14892199e-02,5.76414998e+00,-1.78700000e-01,4.71799785e+02,3.16434789e+00,2.50103065e+00,9.37339624e+00,-1.80694501e+00,-1.84627501e+00,3.93300000e-02,6.94085643e-01,9.80921940e+02,1.05708632e+03,2.28451712e+01,3.28928302e+00,2.28776686e+01,1.75132571e+00,3.83493526e+00,1.71136746e-01,1.31951375e+01,3.08048284e+00,9.77087005e+02,1.05691518e+03,-6.18933888e-02,4.40823780e-04,3.27074402e+00,-1.07865970e+00,1.79992425e+00,-5.93501372e-01,-1.48172117e+00,-3.60550029e-02,3.77336856e+00,-1.55273307e+00,-6.15200000e-02,3.98275505e-01,1.50042000e-01,-2.73069311e-01,-7.03764202e-02,-6.18933888e-02,NaN,NaN,NaN,NaN,NaN,NaN,NaN,NaN,NaN,NaN,NaN,NaN,NaN,NaN,NaN,NaN,NaN,NaN,NaN,NaN,NaN,NaN,NaN,NaN,NaN,NaN,NaN,NaN,NaN,NaN,NaN,NaN,NaN,NaN,NaN,NaN,NaN,NaN,6.80000000e+01,NaN,NaN,NaN,NaN,NaN,NaN,NaN,NaN,NaN,NaN,NaN,NaN,NaN,NaN
"2017Q2",1.09722417e+03,9.85682143e+02,1.05758014e+03,9.59124590e+00,9.11785997e+02,4.71743107e+02,9.42445003e-01,1.01490000e-01,2.77800000e-02,1.09722417e+03,1.54861749e+00,1.09567555e+03,7.39383657e+00,8.26560502e+00,6.28047179e+00,8.15382631e+02,9.59124590e+00,8.23935111e+00,9.39794929e+00,8.96643120e+00,4.27366635e-01,9.80993347e-01,1.28211033e+01,9.61318841e+00,3.85467205e+00,2.15239127e-01,3.63943293e+00,9.11785997e+02,9.13585063e+02,-1.01886080e+01,5.68146473e+02,7.91299705e-01,5.67355173e+02,-2.00065674e+01,-5.33478234e+00,-4.99189840e+00,5.44853146e+00,2.77800000e-02,4.71743107e+02,-2.26713478e-01,1.89151772e+00,-1.04153215e+01,-9.49072720e-01,-1.05056272e+00,1.01490000e-01,9.42445003e-01,9.85682143e+02,1.05758014e+03,2.15849651e+01,2.33763663e+00,1.90408118e+01,1.97526757e+00,5.43863524e+00,-1.18532970e-01,1.26260119e+01,3.13394643e+00,9.80243508e+02,1.05769867e+03,2.98905722e-01,1.53769836e-01,3.49894361e+00,-6.44661703e-01,1.36990189e+00,-4.30439838e-01,2.84777898e+00,-7.12784631e-02,-1.27863080e+01,-2.65171910e+00,1.88610000e-01,-3.15819179e+00,1.70026000e-01,-3.62788519e-01,-3.31215116e-02,2.98905722e-01,NaN,NaN,NaN,NaN,NaN,NaN,NaN,NaN,NaN,NaN,NaN,NaN,NaN,NaN,NaN,NaN,NaN,NaN,NaN,NaN,NaN,NaN,NaN,NaN,NaN,NaN,NaN,NaN,NaN,NaN,NaN,NaN,NaN,NaN,NaN,NaN,NaN,NaN,6.90000000e+01,NaN,NaN,NaN,NaN,NaN,NaN,NaN,NaN,NaN,NaN,NaN,NaN,NaN,NaN
"2017Q3",1.09887641e+03,9.88998328e+02,1.05827320e+03,1.02177152e+01,9.10940556e+02,4.72227513e+02,1.14235026e+00,1.53350000e-01,1.53410000e-01,1.09887641e+03,1.56752892e+00,1.09730888e+03,6.60895877e+00,7.63334066e+00,6.53331306e+00,8.17937059e+02,1.02177152e+01,8.74208323e+00,9.37081784e+00,9.73891945e+00,-5.15384348e-01,1.17870632e+00,1.14688683e+01,9.19106792e+00,1.72994887e+00,-1.79749918e-01,1.90969878e+00,9.10940556e+02,9.11947302e+02,-3.38176287e+00,5.65231009e+02,-6.91378015e-01,5.65922387e+02,-1.16618558e+01,-5.73114488e+00,-7.48443067e+00,5.39804496e+00,1.53410000e-01,4.72227513e+02,1.93762235e+00,1.95821181e+00,-1.44414052e+00,-8.15861549e-01,-9.69211549e-01,1.53350000e-01,1.14235026e+00,9.88998328e+02,1.05827320e+03,1.96202231e+01,2.16918351e+00,1.32647407e+01,2.77227428e+00,5.81168205e+00,-2.51393848e-01,1.17725535e+01,3.30371779e+00,9.83186646e+02,1.05852460e+03,6.88944571e-01,2.28845262e-01,2.96963643e+00,-5.91043259e-01,9.71743939e-01,-3.03439353e-01,1.28197409e+00,-1.31519534e-02,-2.88452282e+00,-7.63319009e-01,1.28408000e-01,1.71899313e+00,1.72158000e-01,-1.60780212e-01,-4.22757394e-02,6.88944571e-01,NaN,NaN,NaN,NaN,NaN,NaN,NaN,NaN,NaN,NaN,NaN,NaN,NaN,NaN,NaN,NaN,NaN,NaN,NaN,NaN,NaN,NaN,NaN,NaN,NaN,NaN,NaN,NaN,NaN,NaN,NaN,NaN,NaN,NaN,NaN,NaN,NaN,NaN,7.00000000e+01,NaN,NaN,NaN,NaN,NaN,NaN,NaN,NaN,NaN,NaN,NaN,NaN,NaN,NaN
"2017Q4",1.10034112e+03,9.91761553e+02,1.05915451e+03,8.62182342e+00,9.10782531e+02,4.73095455e+02,1.18903290e+00,1.55470000e-01,1.32640000e-01,1.10034112e+03,1.58818758e+00,1.09875294e+03,5.85885525e+00,6.97224645e+00,5.77622060e+00,8.20092515e+02,8.62182342e+00,9.01127636e+00,9.34665051e+00,8.77952624e+00,-5.37684680e-01,1.06233756e+00,1.02433032e+01,9.24560936e+00,1.46377691e+00,-1.01041143e-01,1.56481806e+00,9.10782531e+02,9.11496400e+02,-6.32098500e-01,5.63785471e+02,-7.27350555e-01,5.64512821e+02,-5.78215289e+00,-5.63826273e+00,-8.92287516e+00,5.38175159e+00,1.32640000e-01,4.73095455e+02,3.47176904e+00,2.08675645e+00,2.83967054e+00,-8.97723547e-01,-1.05319355e+00,1.55470000e-01,1.18903290e+00,9.91761553e+02,1.05915451e+03,1.65590308e+01,2.50602721e+00,1.10529020e+01,3.52524128e+00,5.88472564e+00,-2.53185868e-01,1.07607277e+01,3.53240936e+00,9.85876828e+02,1.05940770e+03,7.53157386e-02,2.50318161e-01,2.87277261e+00,-5.30520759e-01,6.42684915e-01,-2.10564869e-01,-9.72970416e-01,-1.04591556e-02,-1.58271434e+00,-3.53346828e-01,-5.42900000e-03,1.52167116e+00,1.32790000e-01,-1.36684380e-01,-1.55941308e-01,7.53157386e-02,NaN,NaN,NaN,NaN,NaN,NaN,NaN,NaN,NaN,NaN,NaN,NaN,NaN,NaN,NaN,NaN,NaN,NaN,NaN,NaN,NaN,NaN,NaN,NaN,NaN,NaN,NaN,NaN,NaN,NaN,NaN,NaN,NaN,NaN,NaN,NaN,NaN,NaN,7.10000000e+01,NaN,NaN,NaN,NaN,NaN,NaN,NaN,NaN,NaN,NaN,NaN,NaN,NaN,NaN
"2018Q1",1.10170630e+03,9.94063167e+02,1.06018247e+03,8.61490801e+00,9.10889254e+02,4.73982992e+02,1.42542241e+00,2.21810000e-01,8.27700000e-02,1.10170630e+03,1.61030104e+00,1.10009600e+03,5.46070986e+00,6.33059011e+00,5.37225604e+00,8.22246242e+02,8.61490801e+00,9.26142314e+00,9.32745000e+00,8.88112061e+00,-3.26564891e-01,5.60097259e-01,9.42938972e+00,9.12001467e+00,5.48269107e-01,-2.07435326e-01,7.55704433e-01,9.10889254e+02,9.11404780e+02,4.26892414e-01,5.62626004e+02,-4.29692477e-01,5.63055696e+02,-4.63786796e+00,-5.82850028e+00,-1.05221110e+01,5.39925495e+00,8.27700000e-02,4.73982992e+02,3.55014764e+00,2.18320639e+00,3.97704005e+00,-7.57783973e-01,-9.79593973e-01,2.21810000e-01,1.42542241e+00,9.94063167e+02,1.06018247e+03,1.31412268e+01,3.09615124e+00,9.20645252e+00,4.11182184e+00,5.76870833e+00,-1.71873514e-01,9.67052177e+00,3.78657242e+00,9.88294458e+02,1.06035434e+03,-1.79501185e-01,2.20916212e-01,2.76012951e+00,-5.17223482e-01,3.61939623e-01,-1.39355067e-01,-7.91770709e-02,-5.73400239e-03,-7.22989355e-01,-6.17890092e-01,-3.66060000e-02,3.72732407e-01,1.97434000e-01,-1.06146319e-01,2.98340898e-02,-1.79501185e-01,NaN,NaN,NaN,NaN,NaN,NaN,NaN,NaN,NaN,NaN,NaN,NaN,NaN,NaN,NaN,NaN,NaN,NaN,NaN,NaN,NaN,NaN,NaN,NaN,NaN,NaN,NaN,NaN,NaN,NaN,NaN,NaN,NaN,NaN,NaN,NaN,NaN,NaN,7.20000000e+01,NaN,NaN,NaN,NaN,NaN,NaN,NaN,NaN,NaN,NaN,NaN,NaN,NaN,NaN
"2018Q2",1.10306111e+03,9.95798194e+02,1.06132417e+03,9.68400924e+00,9.10610791e+02,4.74426765e+02,1.70817723e+00,2.73030000e-01,4.51050000e-01,1.10306111e+03,1.57509464e+00,1.10148601e+03,5.41922822e+00,5.83693803e+00,5.56005384e+00,8.24667245e+02,9.68400924e+00,9.28461398e+00,9.30588047e+00,9.31642201e+00,-7.29765799e-01,9.86822910e-01,9.71718770e+00,9.01690278e+00,4.00765697e-01,-2.88977684e-01,6.89743380e-01,9.10610791e+02,9.11301002e+02,-1.11385456e+00,5.60370311e+02,-1.18487593e+00,5.61555187e+02,-9.02277181e+00,-6.00203800e+00,-7.77616211e+00,5.44003032e+00,4.51050000e-01,4.74426765e+02,1.77509199e+00,2.68365775e+00,6.61237428e-01,-9.75480526e-01,-1.24851053e+00,2.73030000e-01,1.70817723e+00,9.95798194e+02,1.06132417e+03,1.01160516e+01,3.74403811e+00,6.94011109e+00,4.56681503e+00,5.36021686e+00,-4.71006044e-02,8.57407694e+00,4.06772339e+00,9.90437978e+02,1.06137127e+03,1.40424379e-01,1.81295876e-01,2.11502270e+00,-3.80289480e-01,1.37659529e-01,-6.15345491e-02,1.34289143e+00,-8.29503305e-03,-2.77353950e+00,-6.39237782e-01,3.76557000e-01,-1.46502612e+00,1.95582000e-01,-7.93736407e-02,1.13233297e-01,1.40424379e-01,NaN,NaN,NaN,NaN,NaN,NaN,NaN,NaN,NaN,NaN,NaN,NaN,NaN,NaN,NaN,NaN,NaN,NaN,NaN,NaN,NaN,NaN,NaN,NaN,NaN,NaN,NaN,NaN,NaN,NaN,NaN,NaN,NaN,NaN,NaN,NaN,NaN,NaN,7.30000000e+01,NaN,NaN,NaN,NaN,NaN,NaN,NaN,NaN,NaN,NaN,NaN,NaN,NaN,NaN