,cpi,cpi_core,cpi_local,cpi_import,cpi_food,cpi_clothing,cpi_ameu,cpi_trans,cpi_house_energie,cpi_health,cpi_cult,cpi_educ,cpi_hotel,cpi_other,w_cpi_food,w_cpi_clothing,w_cpi_house_energie,w_cpi_trans,w_cpi_ameu,w_cpi_health,w_cpi_cult,w_cpi_educ,w_cpi_hotel,w_cpi_other,ir,eur_gnf,M2,CNE,CNP,ir_ib_7j,bdt_91j,bdt_182j,bdt_364j,res_ex,cre_etat,av_ext_net,usd_gnf,usd_gnf_p,eur_gnf,eur_gnf_p
Comments,IPC: Indice generale,,IPC:Produits locaux,IPC: Produits importés,IPC: Alimentation,IPC: Habillement et chaussures,IPC: Ameublement/Equipement mï¿½nager,IPC: Transport,IPC: Logement/Electricitï¿½/Eau/Gaz,IPC: Santï¿½,IPC: Loisir/spectacle/culture,IPC: Enseignement,IPC: Hotels cafï¿½ restaurants,IPC: Autres biens et services,,,,,,,,,,,Taux directeur,EUR/GNF,,Credit Nette sur l'Etat,Credit Nette sur le Secteur Prive,Taux d'interet interbancaire a 7 jours,Taux du bons du Tresor á 91 jours,Taux du bons du Tresor á 182 jours,Taux du bons du Tresor á 364 jours,Reserves excedantaires (GNF),Créances net sur l'état,Avoirs exterieurs net (mln USD),USD/GNF: Taux de change officiel,USD/GNF: Taux de change parallel,EUR/GNF: Taux de change officiel,EUR/GNF: Taux de change parallel
2000M01,,,147.8,169.5,,,,,,,,,,,3756,732,1088,1121,830,1120,364,90,220,679,,1828.16,598.22,,,,,,,,,,1772.975,,1828.165,
2000M02,,,148.1,169.6,,,,,,,,,,,3756,732,1088,1121,830,1120,364,90,220,679,,1763.14,590.5,,,,,,,,,,1799.6667,,1763.14,
2000M03,,,148.3,169.4,,,,,,,,,,,3756,732,1088,1121,830,1120,364,90,220,679,,1606.22,599.86,,,,,,,,,,1721.95,,1606.21667,
2000M04,,,147.7,169.3,,,,,,,,,,,3756,732,1088,1121,830,1120,364,90,220,679,,1497.72,603.71,,,,,,,,,,1577.75,,1497.72,
2000M05,,,147.6,170.4,,,,,,,,,,,3756,732,1088,1121,830,1120,364,90,220,679,,1468,615.06,,,,,,,,,,1624,,1468,
2000M06,,,148,170.4,,,,,,,,,,,3756,732,1088,1121,830,1120,364,90,220,679,,1546.66,621.29,,,,,,,,,,1627.75,,1546.6575,
2000M07,,,148.8,170.5,,,,,,,,,,,3756,732,1088,1121,830,1120,364,90,220,679,,1559.73,648.02,,,,,,,,,,1723.5725,,1559.725,
2000M08,,,150.1,170.6,,,,,,,,,,,3756,732,1088,1121,830,1120,364,90,220,679,,1587.77,646.06,,,,,,,,,,1773.75,,1587.775,
2000M09,,,156.6,180.9,,,,,,,,,,,3756,732,1088,1121,830,1120,364,90,220,679,,1585.23,652.31,,,,,,,,,,1812.425,,1585.235,
2000M10,,,156.2,181.5,,,,,,,,,,,3756,732,1088,1121,830,1120,364,90,220,679,,1600.31,679.03,,,,,,,,,,1835.01,,1600.31,
2000M11,,,156.7,182.7,,,,,,,,,,,3756,732,1088,1121,830,1120,364,90,220,679,,1604.7,677.06,,,,,,,,,,1900,,1604.705,
2000M12,,,157.7,183,,,,,,,,,,,3756,732,1088,1121,830,1120,364,90,220,679,,,671.84,,,,,,,,,,,,,
2001M01,96.382,,158.3,182.5,,,,,,,,,,,3756,732,1088,1121,830,1120,364,90,220,679,,1778.09775,598.215,,,,,,,,,,1910,,1778.095,
2001M02,95.695,,158.9,178.8,,,,,,,,,,,3756,732,1088,1121,830,1120,364,90,220,679,,1768.4589,590.496,,,,,,,,,,1930,,1768.46,
2001M03,95.752,,158.9,179,,,,,,,,,,,3756,732,1088,1121,830,1120,364,90,220,679,,1754.0019,599.86,,,,,,,,,,,,,
2001M04,95.695,,158.1,180,,,,,,,,,,,3756,732,1088,1121,830,1120,364,90,220,679,,,603.711,,,,,,,,,,1945,,1754,
2001M05,95.867,,158.6,179.8,,,,,,,,,,,3756,732,1088,1121,830,1120,364,90,220,679,,1712.28085,615.06,,,,,,,,,,1945,,1712.28,
2001M06,96.268,,159.7,180,,,,,,,,,,,3756,732,1088,1121,830,1120,364,90,220,679,,1665.5042,621.29,,,,,,,,,,1945,,1665.5,
2001M07,96.726,,159.9,181.7,,,,,,,,,,,3756,732,1088,1121,830,1120,364,90,220,679,,,648.015,,,,,,,,,,,,,
2001M08,98.33,,161.7,185.9,,,,,,,,,,,3756,732,1088,1121,830,1120,364,90,220,679,,1725.6971,646.055,,,,,,,,,,1972,,1725.7,
2001M09,98.673,,161.6,187.6,,,,,,,,,,,3756,732,1088,1121,830,1120,364,90,220,679,,1778.111,652.31,,,,,,,,,,1960,,1778.11,
2001M10,98.845,,161.5,188.6,,,,,,,,,,,3756,732,1088,1121,830,1120,364,90,220,679,,1805.4432,679.027,,,,,,,,,,1968,,1805.44,
2001M11,97.07,,158.4,185.5,,,,,,,,,,,3756,732,1088,1121,830,1120,364,90,220,679,,1746.3128,677.063,,,,,,,,,,1974.35,2015,1746.31,
2001M12,97.356,,158.7,186.1,,,,,,,,,,,3756,732,1088,1121,830,1120,364,90,220,679,,,671.836,,,,,,,,,,,,,
2002M01,97.241,,158.6,185.5,,,,,,,,,,,3756,732,1088,1121,830,1120,364,90,220,679,,1764.0354,670.604,,,,,,,,,,1980.95,,1764.04,
2002M02,97.7,,159.9,185.8,,,,,,,,,,,3756,732,1088,1121,830,1120,364,90,220,679,,1707.1896,669.619,,,,,,,,,,1975,,1707.19,
2002M03,97.929,,159.3,187.6,,,,,,,,,,,3756,732,1088,1121,830,1120,364,90,220,679,,1708.1787,649.955,,,,,,,,,,1975,,1708.18,
2002M04,97.929,,159.4,187.7,,,,,,,,,,,3756,732,1088,1121,830,1120,364,90,220,679,,1728.9394,672.095,,,,,,,,,,1973,,1728.94,
2002M05,98.272,,160.5,187.5,,,,,,,,,,,3756,732,1088,1121,830,1120,364,90,220,679,,1802.1883,700.93,,,,,,,,,,1975,,1802.19,
2002M06,98.788,,161.7,187.9,,,,,,,,,,,3756,732,1088,1121,830,1120,364,90,220,679,,1852.5,734.4,,,,,,,,,,1976,,1852.5,
2002M07,100.048,,164.4,189.4,,,,,,,,,,,3756,732,1088,1121,830,1120,364,90,220,679,,1970.5358,749.283,,,,,,,,,,1976,,1970.54,
2002M08,100.62,,165.7,189.9,,,,,,,,,,,3756,732,1088,1121,830,1120,364,90,220,679,,1932.5285,764.852,,,,,,,,,,1976,,1932.53,
2002M09,101.078,,166.8,190.2,,,,,,,,,,,3756,732,1088,1121,830,1120,364,90,220,679,,1965.5267,787.299,,,,,,,,,,1976,,1965.53,
2002M10,101.479,,167.3,191.3,,,,,,,,,,,3756,732,1088,1121,830,1120,364,90,220,679,,1939.2434,777.143,,,,,,,,,,1976,,1939.24,
2002M11,102.682,,169.3,193.7,,,,,,,,,,,3756,732,1088,1121,830,1120,364,90,220,679,,1967.0991,779.388,,,,,,,,,,1976,2035,1967.1,
2002M12,102.854,,170.8,194.1,,,,,,,,,,,3756,732,1088,1121,830,1120,364,90,220,679,,,800.982,,,,,,,,,,,,,
2003M01,104.4,,172.4,196.4,,,,,,,,,,,3756,732,1088,1121,830,1120,364,90,220,679,,1985,837.349,,,,,,,,,,1975,,1985,
2003M02,104.8,,174,198.5,,,,,,,,,,,3756,732,1088,1121,830,1120,364,90,220,679,,1990,866.511,,,,,,,,,,1975,,1990,
2003M03,108.2,,177.8,204.4,,,,,,,,,,,3756,732,1088,1121,830,1120,364,90,220,679,,2158.6856,902.378,,,,,,,,,,1977,,2158.69,
2003M04,108.1,,178.2,205,,,,,,,,,,,3756,732,1088,1121,830,1120,364,90,220,679,,2201.25625,942.376,,,,,,,,,,1980,,2201.255,
2003M05,109.8,,183.1,204.7,,,,,,,,,,,3756,732,1088,1121,830,1120,364,90,220,679,,2276.8015,993.646,,,,,,,,,,1980,,2276.8,
2003M06,110.7,,191.2,213,,,,,,,,,,,3756,732,1088,1121,830,1120,364,90,220,679,,2316.3986,955.099,,,,,,,,,,1980,,2316.4,
2003M07,111.4,,191.6,212.6,,,,,,,,,,,3756,732,1088,1121,830,1120,364,90,220,679,,2268.9593,1037.384,,,,,,,,,,1985,,2268.96,
2003M08,112.2,,192.4,216.4,,,,,,,,,,,3756,732,1088,1121,830,1120,364,90,220,679,,2245.4272,1054.474,,,,,,,,,,1985,,2245.43,
2003M09,113.9,,194.1,217.4,,,,,,,,,,,3756,732,1088,1121,830,1120,364,90,220,679,,2221.428,1050.317,,,,,,,,,,1995,,2221.43,
2003M10,114.4,,195.5,217.3,,,,,,,,,,,3756,732,1088,1121,830,1120,364,90,220,679,,2330.3941,1046.622,,,,,,,,,,2000,,2330.39,
2003M11,115.5,,196.7,217.4,,,,,,,,,,,3756,732,1088,1121,830,1120,364,90,220,679,,2293.5949,1068.539,,,,,,,,,,2000,,2293.59,
2003M12,115.8,,198.5,219.4,,,,,,,,,,,3756,732,1088,1121,830,1120,364,90,220,679,,2499.1898,1083.314,,,,,,,,,,2000,2415,2499.19,
2004M01,118.6,,,,130.6,109.4,114.4,116.6,106.5,112.1255313,105.8204751,102.482,110.5324545,114.2290997,3756,732,1088,1121,830,1120,364,90,220,679,,,1090.297,,,,,,,,,,,,,
2004M02,119.6,,,,132.2,108.9,116.1,116.6,108.2,102.7889286,104.2460199,124.4,123.8954545,121.6786942,3756,732,1088,1121,830,1120,364,90,220,679,,,1137.602,,,,,,,,,,,,,
2004M03,119.3,,,,131.5,109,116.3,116.8,106.1,106.1777679,106.6900498,105.9,101.3681818,117.8601375,3756,732,1088,1121,830,1120,364,90,220,679,,2496.7923,1166.342,,,,,,,,,,2000,2600,2496.79,2850
2004M04,119.7,,,,133.1,108.5,115.8,116.9,106.5,112.0350893,105.2818408,100.5,114.7,115.1756014,3756,732,1088,1121,830,1120,364,90,220,679,,2444.8004,1212.23,,,,,,,,,,2000,2600,2444.8,2850
2004M05,120.1,,,,134.6,108,114.1,116.9,106.5,117.1734821,101.8910448,101.2,114.7,115.8379725,3756,732,1088,1121,830,1120,364,90,220,679,,2425.2139,1271.617,,,,,,,,,,2000,2700,2425.21,3000
2004M06,121.6,,,,137.4,107.8,115.2,116.9,109.1,112.4881446,104.949097,100.559,114.658,114.9865687,3756,732,1088,1121,830,1120,364,90,220,679,,2446.2073,1317.243,,,,,,,,,,2000,2900,2446.21,3150
2004M07,123.9,,,,142.8,107.9,118.6,117.1,109.4,112.8100455,105.4736393,100.548,114.658,115.068146,3756,732,1088,1121,830,1120,364,90,220,679,,2915.5727,1391.997,,,,,,,,,,2375,2900,2915.5725,3275
2004M08,133,,,,151.7,109.2,119.1,148.5,115.9,112.0121813,105.2793657,100.548,114.658,115.1898608,3756,732,1088,1121,830,1120,364,90,220,679,,3170.857675,1448.895,,,,,,,,,,2600,3000,3170.8575,3650
2004M09,144.9,,,,169,110.9,124.6,170.6,122.7,111.8144705,105.3368881,100.548,114.658,115.7981237,3756,732,1088,1121,830,1120,364,90,220,679,,3161.61228,1431.4,,,,,,,,,,2590,3140,3161.61,3980
2004M10,145.9,,,,167.3,110.8,128,172.3,124.5,112.2317857,105.1793532,100.5,114.9863636,115.8888316,3756,732,1088,1121,830,1120,364,90,220,679,,3184.033625,1453.394,,,,,,,,,,2550,3150,3184.0325,3950
2004M11,146.8,,,,168.6,112.9,129.8,172.4,124.4,112.4616964,105.0858209,100.5,114.9863636,115.2580756,3756,732,1088,1121,830,1120,364,90,220,679,,3294.34085,1469.048,,,,,,,,,,2550,3327.5,3294.34,4142.5
2004M12,147.8,,,,166.5,114.1,130,172.4,128,121.4479464,104.9004975,100.5,125.2954545,117.9731959,3756,732,1088,1121,830,1120,364,90,220,679,,3420.56974,1484.638,,,,,,,,,,2550,3330,3420.572,4400
2005M01,150.3,,,,170.6,115.2,131,172.6,131,148.4313393,118.730597,112.3,143.6818182,125.1278351,3756,732,1088,1121,830,1120,364,90,220,679,16.52,3379.183475,1569.176,,,,,,,,,,2575,3283.75,3379.185,4250
2005M02,151.4,,,,173.6,115.2,133.6,172.3,133.6,146.659375,118.5773632,112.5,144.1590909,122.7549828,3756,732,1088,1121,830,1120,364,90,220,679,16.25,3591.6861,1637.278,,,,,,,,,,2762.5,3318.75,3591.6875,4241.25
2005M03,152.1,,,,174.5,115.9,133.3,172.3,133.3,150.35625,118.5012438,112.5,144.1590909,122.6786942,3756,732,1088,1121,830,1120,364,90,220,679,16.25,3975.04754,1687.585,,,,,,,,,,3019.6,3432,3975.048,4408
2005M04,153.7,,,,178.7,116.3,131,172.2,131,151.15,120.0360697,112.5,144.1590909,122.6786942,3756,732,1088,1121,830,1120,364,90,220,679,16.25,4291.584825,1750.2,,,,,,,,,,3312.5,3636.5,4291.5825,4623.25
2005M05,161.3,,,,187.7,117.2,134.1,203.3,134.1,152.194375,120.6032338,112.5,144.4454545,124.3865979,3756,732,1088,1121,830,1120,364,90,220,679,22.25,4479.83095,1754.52,,,,,,,,,,3516.5,3753.75,4479.83,4753.75
2005M06,171,,,,201.7,120.2,139.7,229.3,139.7,153.2732143,121.3201493,112.5,144.7318182,129.3228522,3756,732,1088,1121,830,1120,364,90,220,679,22.25,4587.04968,1772.405,,,,,,,,,,3765.8,3980,4587.05,4860
2005M07,176.7,,,,212.3,121.5,144.7,230.9,144.7,156.6134821,124.7266169,112.5,149.0272727,130.712543,3756,732,1088,1121,830,1120,364,90,220,679,22.25,4588.59475,1796.09,,,,,,,,,,3823.75,3887.5,4588.5925,5175
2005M08,181.8,,,,215.1,124.6,145.7,237.5,150.4,158.2864286,134.8942786,112.5,172.4136364,135.5321306,3756,732,1088,1121,830,1120,364,90,220,679,22.25,4789.994175,1853.91,,,,,,,,,,3912.5,4012.5,4789.9925,5212.5
2005M09,185.1,,,,220,125.7,146.2,237.5,155,160.2185714,139.450995,112.5,179.8590909,142.9814433,3756,732,1088,1121,830,1120,364,90,220,679,22.25,4972.8102,1888.66,,,,,,,,,,4055.25,4175,4972.8125,5200
2005M10,187.2,,,,223.9,128.5,146,237.8,155.7,161.9311196,139.367291,112.693,179.8394545,146.1192234,3756,732,1088,1121,830,1120,364,90,220,679,22.25,5017.794,1884.59,,,,,,,,,,4184.5,4187.5,5017.7975,5200
2005M11,188.7,,,,228.1,129.3,146.4,237.9,150.9,164.7221179,139.372296,112.693,179.8394545,146.1192234,3756,732,1088,1121,830,1120,364,90,220,679,22.25,5089.62416,1908.2,,,,,,,,,,4319.6,4320,5089.624,5200
2005M12,191.7,,,,232.4,132.9,150,238.5,152.6,166.0344652,141.9790025,112.693,179.8394545,151.5989433,3756,732,1088,1121,830,1120,364,90,220,679,22.25,5272.767675,2036.76,,,,,,,,,,4470.25,4530,5272.7675,5325
2006M01,194.7,,188.2,204.4,238.3,134.4,158.4,238.8,151,166.6,140.6,135.1,181,147.7,3756,732,1088,1121,830,1120,364,90,220,679,22.25,5503.57965,2034.85,,,,,,,,,,4561.25,4590,5503.58,5407.5
2006M02,198.8,,191.7,209.4,244.6,137.2,158,243.6,152.4,172.6,140.6,135.8,188.9,148.7,3756,732,1088,1121,830,1120,364,90,220,679,22.25,5496.2436,2073.35,,,,,,,,,,4606.5,4655,5496.24167,5650
2006M03,202.2,,194.5,213.6,249.5,139.6,160.8,246,155.1,176,140.9,136,194.5,148.9,3756,732,1088,1121,830,1120,364,90,220,679,22.25,5635.747784,2167.33,,,,,,,,,,4689.8647,4739.4737,5635.74737,5558.94737
2006M04,205.7,,197.9,217.3,255.2,142.9,162.9,249.9,154.3,179.5,141.8,136.3,195.2,151.6,3756,732,1088,1121,830,1120,364,90,220,679,22.25,5858.026824,2218.15,,,,,,,,,,4777.8235,4950.8824,5858.02706,6001.76471
2006M05,222.9,,217.9,230.2,270.6,145.8,167.7,326.8,164.1,182.4,154,136.7,201.1,153.7,3756,732,1088,1121,830,1120,364,90,220,679,22.25,6207.325455,2272.63,,,,,,,,,,4870.2,5005.25,6207.3265,6246.25
2006M06,231.7,,227.5,238.1,284.5,149.1,174.4,341.6,170.2,185.4,155,137.2,204.5,155.4,3756,732,1088,1121,830,1120,364,90,220,679,22.25,6414.5876,2306.61,,,,,,,,,,5063.3571,5225.7143,6414.58714,6554.28571
2006M07,237.9,,233.1,245,295.3,152.4,181.4,342.7,175.2,186.9,156.9,137.6,218.2,156,3756,732,1088,1121,830,1120,364,90,220,679,22.25,6588.966795,2377.81,,,,,,,,,,5200.65,5401.5,6588.9665,6749
2006M08,244.8,,239.5,252.7,307.3,155.1,183,343.3,187.6,189.7,162.3,137.8,221.6,156.1,3756,732,1088,1121,830,1120,364,90,220,679,22.25,7183.238805,2559.18,,,,,,,,,,5605.7619,5654.7619,7183.23905,7254.7619
2006M09,248.3,,242.5,257,313.9,158.7,185,343.3,189.3,192.5,164,139.3,224.5,156.9,3756,732,1088,1121,830,1120,364,90,220,679,22.25,7115.312505,2639.64,,,,,,,,,,5590.3684,5716.5789,7115.31316,7418.42105
2006M10,252.1,,246.6,260.3,319.1,163.4,188.2,343.9,191.4,196.6,168.4,149.3,232.4,147.5,3756,732,1088,1121,830,1120,364,90,220,679,22.25,7053.282145,2631.26,,,,,,,,,,5593.7273,5866.3636,7053.28273,7477.27273
2006M11,256.9,,249.5,266.4,326.7,167.1,191.1,345.4,193.5,199.9,173.7,153.8,244,159.5,3756,732,1088,1121,830,1120,364,90,220,679,22.25,7260.777094,3100.58,,,,,,,,,,5641.6667,5918.0556,7260.77722,7867.22222
2006M12,266.6,,261.4,273.2,342,172.9,200.4,343.3,212.6,203.7,176.6,156.6,247.7,165.1,3756,732,1088,1121,830,1120,364,90,220,679,22.25,7910.15862,3247.29,,,,,,,,,,5993.4,6454,7910.158,8432.5
2007M01,274.1,0.37,268.9,250,354.9,174.9,201.9,345.6,223.6,205,177.7,157.4,249.4,194.2,3756,732,1088,1121,830,1120,364,90,220,679,20.25,7425.486267,3395.03,,,,,,,,,,5685,6211.1111,7425.48667,8166.66667
2007M02,275.5,0.355,269.8,252.4,362.2,177.1,204.1,318.3,229.8,208.4,179.3,158,250.7,177.8,3756,732,1088,1121,830,1120,364,90,220,679,20.25,6970.973844,3367.31,,,,,,,,,,5355.5556,5475,6970.97444,7366.11111
2007M03,276.4,0.352,272.5,257.4,361.4,181.6,207.7,310.3,235.8,213,180.8,158.9,254.6,180.5,3756,732,1088,1121,830,1120,364,90,220,679,20.25,6802.166936,3552.986,,,,,,,,,,5139.8182,5319.3182,6802.16636,7350.45455
2007M04,276,0.339,272.7,258.3,357.7,184.6,212.7,310,231.4,217.4,183.3,159.2,259.1,182.2,3756,732,1088,1121,830,1120,364,90,220,679,20.25,5176.894858,3277.436,,,,,,,,,,3834.4211,4002.6316,5176.89579,5468.42105
2007M05,271.9,0.249,272.2,257.6,343.8,186.3,215,310.6,233.4,220.5,184.7,159.7,262.2,182.6,3756,732,1088,1121,830,1120,364,90,220,679,20.25,4266.573906,3245.052,,,,,,,,,,3153.8333,3325,4266.57278,4465.55556
2007M06,274,0.216,273.4,260,351.7,186.3,210.3,310.5,228.6,221.9,185.9,157,261.3,181.7,3756,732,1088,1121,830,1120,364,90,220,679,20.25,4414.26526,3257.173,,,,,,,,,,3287.6667,3925.3333,4414.264,5010
2007M07,279.3,0.212,279.7,265.9,360.8,190,214,312.7,230.7,226.1,189.7,159.1,270.2,183,3756,732,1088,1121,830,1120,364,90,220,679,20.25,4944.864938,3174.176,,,,,,,,,,3607.7329,3860.4762,4944.86571,5172.14286
2007M08,286,0.206,285.5,269.1,374.2,192,218.8,313,234,230,190.4,159.7,274.6,184.8,3756,732,1088,1121,830,1120,364,90,220,679,20.25,5191.69341,3159.3,,,,,,,,,,3812.6076,4077.381,5191.81524,5476.19048
2007M09,290.8,0.224,288.6,273.2,383.7,193.7,226.8,309.8,237.2,232,192.1,161.7,274.6,186.6,3756,732,1088,1121,830,1120,364,90,220,679,20.25,5343.079344,3282.44,,,,,,,,,,3851.71,4279.4118,5351.83412,5776.47059
2007M10,293.1,0.194,291.4,275.4,386.9,195.9,227.3,311.6,234,237.5,193,166.6,279.8,189.3,3756,732,1088,1121,830,1120,364,90,220,679,20.25,5805.995371,3259.209,,,,,,,,,,4080.1338,4355.9524,5805.99381,6100
2007M11,296.2,0.194,292.4,274,390.5,196.6,228.3,312,245.1,240,193.5,170.3,281.7,190,3756,732,1088,1121,830,1120,364,90,220,679,20.25,6104.589605,3356.992,,,,,,,,,,4161.0876,4242.8571,6104.59,6205.2381
2007M12,300.9,0.175,298.7,281.6,401,201.1,230.2,312.1,243.1,242.4,193.6,174,283.7,191.2,3756,732,1088,1121,830,1120,364,90,220,679,20.25,6086.47032,3398.239,,,,,,,,,,4177.9167,4218.6667,6086.47067,6197.66667
2008M01,302.1,0.139,299.6,281.5,398.3,200.8,231.8,345.6,261.6,244.9,192.2,174.5,285.1,192.6,3756,732,1088,1121,830,1120,364,90,220,679,22.25,6258.568045,3524.393,,,,,,,,,,4251.2486,4284.0909,6258.56773,6302.72727
2008M02,306.3,0.151,305.1,288.7,409.7,203.4,234.8,308.3,257.1,244.8,192.8,180.6,285.1,193.3,3756,732,1088,1121,830,1120,364,90,220,679,22.25,6454.858538,3713.641,,,,,,,,,,4374.8281,4393.5714,6454.85905,6508.09524
2008M03,312.3,0.168,310.3,294.9,420.3,206.8,242.3,308.6,260.7,250,193.4,184.1,285.1,195.8,3756,732,1088,1121,830,1120,364,90,220,679,22.25,6833.545713,3849.462,,,,,,,,,,4419.0837,4447.8125,6833.54562,6859.375
2008M04,339.1,0.218,331.7,307.3,449.3,211.8,250,417.9,272.2,257.4,194,186.4,299.8,198.7,3756,732,1088,1121,830,1120,364,90,220,679,22.25,7050.579667,3993.945,,,,,,,,,,4472.3338,4514.7619,7050.57857,7095.95238
2008M05,340,0.218,333.5,310,448.2,213.5,252.1,418.5,278.1,257.6,194,186.4,306.7,200.2,3756,732,1088,1121,830,1120,364,90,220,679,22.25,7007.26,4111.612,,,,,,,,,,4505.8426,4522.9474,7007.26105,7034.21053
2008M06,341.5,0.226,338.6,313.5,453.5,214,255.9,419.3,269.8,260.8,194.9,186.4,311.4,192.8,3756,732,1088,1121,830,1120,364,90,220,679,22.25,7006.311395,4185.161,,,,,,,,,,4510.0376,4527.381,7006.31095,7045
2008M07,344.5,0.212,339.2,312.7,458.7,215.8,261.2,419.6,269.1,264,194.6,186.4,314.6,193.9,3756,732,1088,1121,830,1120,364,90,220,679,22.25,7171.882729,4192.015,,,,,,,,,,4551.3552,4593.6957,7174.52174,7212.82609
2008M08,347.3,0.188,343,315.6,464.1,217.4,261.8,419.7,268.9,267.3,197.7,194.9,314.6,194.2,3756,732,1088,1121,830,1120,364,90,220,679,22.25,6969.49356,4330.875,,,,,,,,,,4605.878,4640.5,6902.354,7173.75
2008M09,351,0.153,346.9,321.1,469.1,218.6,276.6,419,274.9,267.5,196.3,194.9,314.6,194.4,3756,732,1088,1121,830,1120,364,90,220,679,22.25,6860.247077,4260.057,,,,,,,,,,4777.6305,4865.6818,6860.24818,7027.27273
2008M10,351.6,0.153,346.2,321.3,468.8,219.9,274.4,419.1,276,270.6,198.7,203.9,315.6,195.6,3756,732,1088,1121,830,1120,364,90,220,679,22.25,6447.745725,4336.978,,,,,,,,,,4875.826,4979.5,6447.7465,6837.5
2008M11,340.4,0.113,337.2,316,447.6,220.3,280.9,378.1,277.1,275.5,198.8,208.1,317.4,196.3,3756,732,1088,1121,830,1120,364,90,220,679,22.25,6178.106341,4330.97,,,,,,,,,,4841.8874,4987.3684,6163.91368,6310.52632
2008M12,341.5,0.094,338.3,316.5,454.1,221.7,279.1,362.9,277.9,276.7,199,212.9,321.6,197.3,3756,732,1088,1121,830,1120,364,90,220,679,22.25,6533.607144,4727.174,,,,,,,,,,4984.455,5061.6667,6533.60722,6481.94444
2009M01,337,0.091,335.7,319.3,452.6,222,277.8,327,275.5,278.8,198.9,216.2,329.6,197.6,3756,732,1088,1121,830,1120,364,90,220,679,22,6149.914533,4396.029,,,,,,,,,,4626.5614,4665.9524,6149.91476,6319.04762
2009M02,336.2,0.079,336.8,323.5,445.9,223.6,284,327.2,281,281.1,199.5,216.4,329.6,199.9,3756,732,1088,1121,830,1120,364,90,220,679,22,5944.043074,4470.897,,,,,,,,,,4650.1737,4692.7579,5944.04211,6128.94737
2009M03,333.4,      ,334.2,323,436.4,224.1,288.5,324.6,285.1,281.4,199.4,219.1,332.8,200.3,3756,732,1088,1121,830,1120,364,90,220,679,22,6210.792738,4460.676,,,,,,,,,,4766.1576,4849.2857,6210.79238,6297.61905
2009M04,344.1,0.033,341.6,330,463.5,225.1,283.2,325.6,293.2,281.2,199.5,224.3,334.2,200.4,3756,732,1088,1121,830,1120,364,90,220,679,16,6457.645205,4375.269,,,,,,,,,,4905.273,4996.925,6457.6445,6512.5
2009M05,346,0.046,347.1,336.2,468.3,227.8,288.7,318.4,292.5,281,200,224.3,337,202.2,3756,732,1088,1121,830,1120,364,90,220,679,16,6676.588928,4468.55,,,,,,,,,,4919.5744,5005,6676.58944,6630.55556
2009M06,347.5,0.038,349,340.5,471.6,230,295.5,318.9,286.9,281.9,201.2,224.3,336.1,202.7,3756,732,1088,1121,830,1120,364,90,220,679,16,6677.699243,4419.99,,,,,,,,,,4767.809,4794.7619,6677.69905,6545.2381
2009M07,350,0.0315,353.3,340.7,476,230.6,291.8,319.1,293.5,283.8,201.3,224.3,336.2,203.7,3756,732,1088,1121,830,1120,364,90,220,679,16,6657.209991,4492.865,,,,,,,,,,4725.5818,4802.5455,6657.21045,6789.57045
2009M08,355,0.045,356.3,344.7,487.6,232.9,291.5,319.2,296.7,285.9,201.9,224.3,336.4,203.4,3756,732,1088,1121,830,1120,364,90,220,679,9,6765.991562,4617.85,,,,,,,,,,4739.5262,4908.3333,6765.99143,6956.66667
2009M09,359.2,0.063,359.7,350.1,495.5,235.1,292.2,319.7,300.6,289.8,203.1,224.5,336.8,204.1,3756,732,1088,1121,830,1120,364,90,220,679,9,6845.003392,5002.91,,,,,,,,,,4740.05,5105,6821.938,7140
2009M10,362.6,0.081,364.1,354.2,502.7,237,290.5,320.9,301.5,291.9,203.9,227.6,337,205.6,3756,732,1088,1121,830,1120,364,90,220,679,9,7028.872267,5128.921,,,,,,,,,,,,,
2009M11,366.3,0.107,369.1,355.5,508.7,239.6,289.3,322.2,311.2,292.2,204.4,230.1,337,206.2,3756,732,1088,1121,830,1120,364,90,220,679,9,7194.037678,5424.136,,,,,,,,,,4828.062,5830,7232.466,8440
2009M12,368.5,0.098,371.9,358.4,512.2,243.3,292.1,323.3,312.8,293.6,202.1,233,337,206.6,3756,732,1088,1121,830,1120,364,90,220,679,9,7130.406209,5945.123,,,,,,,,,,4857.2485,5813.5,7117.0025,8333.75
2010M01,372.1,0.119,374.5,359.2,520.3,246.9,295.7,324.8,309.6,296,202,231.3,337,205.8,3756,732,1088,1121,830,1120,364,90,220,679,9,7046.591737,6171.733,,,,,,,,,,4924.4511,5923.6842,7046.59211,8167.10526
2010M02,376.8,0.125,380.5,365.8,528.3,249.3,293.4,334.1,313.8,297.5,201.2,233.9,337.3,206.7,3756,732,1088,1121,830,1120,364,90,220,679,9,6781.11496,6485.882,,,,,,,,,,5003.435,5861.5,6847.0295,8025
2010M03,386.5,0.139,391.8,373.9,534.7,254,294.7,388.8,314,299.8,205.3,233.9,347.7,207.3,3756,732,1088,1121,830,1120,364,90,220,679,9,7180.197745,7016.461,,,,,,,,,,5290.807,6345,7180.1985,8557.5
2010M04,390.7,0.127,394.5,375.4,542.3,256.4,297.9,388.9,317.3,302,205.4,233.9,353.5,209.3,3756,732,1088,1121,830,1120,364,90,220,679,9,7496.747336,7601.294,,,,,,,,,,5593.3407,6610.7143,7496.74786,8849.28571
2010M05,393.2,0.12,398.5,380,547.3,259,298.4,388.9,316.1,303.9,206.4,234.5,353.8,212.8,3756,732,1088,1121,830,1120,364,90,220,679,9,7319.143,7473.015,,,,,,,,,,5787.6728,6546.1111,7319.14278,8444.44444
2010M06,396.3,0.13,403.7,383,552.2,259.9,304.2,389.1,317.4,305.7,206.7,234.5,355.2,218.2,3756,732,1088,1121,830,1120,364,90,220,679,9,7301.8433,8078.789,,,,,,,,,,5961.0225,6381.5,7301.8425,7890
2010M07,400.5,0.136,409,388.8,561.3,261.3,303.7,389.4,318.2,308.5,207.4,234.5,358.4,220.6,3756,732,1088,1121,830,1120,364,90,220,679,9,7589.028668,8735.877,,,,,,,,,,5978.83,6431.8182,7589.02727,8270.45455
2010M08,413.8,0.147,420.5,400,588.7,266,305.6,394.4,330.4,312.4,207.6,234.5,359.8,222.1,3756,732,1088,1121,830,1120,364,90,220,679,9,7756.164524,9049.564,,,,,,,,,,5999.7048,6857.1429,7756.16476,8861.90476
2010M09,418.7,0.137,425.7,406.6,601.8,268.4,303.4,394.5,324.5,314.3,207.6,234.5,377.7,222.1,3756,732,1088,1121,830,1120,364,90,220,679,16.75,7826.709884,9385.538,,,,,,,,,,6015.7142,6644.7368,7826.70947,8527.89474
2010M10,424,0.135,429.7,411.1,612.8,270.1,303.5,394.1,333.3,314.7,208.3,238,377.7,223.5,3756,732,1088,1121,830,1120,364,90,220,679,16.75,8402.990414,9529.863,,,,,,,,,,6054.9843,7004.7619,8402.99095,9210.95238
2010M11,438.4,0.159,439.6,418.8,645.1,271.9,312.3,395.1,337.2,318.4,209.3,238,393.3,223.6,3756,732,1088,1121,830,1120,364,90,220,679,16.75,8349.156,9950.719,,,,,,,,,,6060.8761,6927.7778,8349.15667,9277.77778
2010M12,445.1,0.156,447.5,424.1,651,274.8,324.7,424.5,335.5,318.4,209.3,238,396.1,225.5,3756,732,1088,1121,830,1120,364,90,220,679,16.75,8029.85941,10366.377,,,,,,,,,,6083.542,7252.5,8027.4875,9422.5
2011M01,450.7,0.162,452.4,426.4,659.1,275.2,327.9,432,344.2,320.7,210,240,395.4,226.1,3756,732,1088,1121,830,1120,364,90,220,679,16.75,8106.464314,10419.387,,,,,,,,,,6084.77,7691.9048,8106.46524,9887.14286
2011M02,457.8,0.166,456.6,431.5,676.3,276.5,330.4,435.4,339.7,321,213.4,240,401.6,226.2,3756,732,1088,1121,830,1120,364,90,220,679,16.75,8376.092226,10449.023,,,,,,,,,,6138.9432,8076.3158,8376.09211,10897.3684
2011M03,467.6,0.165,468.5,441.6,697.8,277.5,333.5,436.9,343.3,323.4,215.5,247.5,434.3,226.2,3756,732,1088,1121,830,1120,364,90,220,679,22,9095.959148,10574.482,,,,,,,,,,6513.6709,8337.5,9095.95826,11287.5
2011M04,474.5,0.163,471.5,442.5,713.5,279.1,333.4,437.2,347.6,325,216.1,274.5,435.4,227.9,3756,732,1088,1121,830,1120,364,90,220,679,22,9469.181753,10821.317,,,,,,,,,,6587.1395,7381.5789,9469.18211,9605.26316
2011M05,482.4,0.167,481,452.9,721.6,282.2,364.5,440.5,351.1,329.4,217.6,247.5,438.1,238.8,3756,732,1088,1121,830,1120,364,90,220,679,22,9502.005305,11037.679,,,,,,,,,,6605.569,7300,9502.006,10660
2011M06,489.4,0.174,489.7,466,733.5,286.1,368.8,443.7,354.8,335.2,220.1,247.5,438.6,244.5,3756,732,1088,1121,830,1120,364,90,220,679,22,9562.999086,11375.309,,,,,,,,,,6656.2441,7376.8182,9562.99864,10535.4545
2011M07,492.1,0.181,495.7,471.7,734.3,289.2,383.6,443.8,356.1,340.4,220.9,247.5,443.3,245,3756,732,1088,1121,830,1120,364,90,220,679,22,9675.96704,11236.958,,,,,,,,,,6769.952,7463.5,9675.966,10570
2011M08,499.1,0.18,506,484.5,745.4,302.9,385.9,444,356.7,344.3,250.5,247.5,443.8,245.9,3756,732,1088,1121,830,1120,364,90,220,679,22,9770.291895,11579.375,,,,,,,,,,6825.8581,7402.381,9770.29238,10496.1905
2011M09,506.5,0.188,516.1,494.3,752.5,308.9,389.3,444.3,359.9,368,253.9,263.1,472.5,246.1,3756,732,1088,1121,830,1120,364,90,220,679,22,9445.42289,11531.75,,,,,,,,,,6823.2843,7417.381,9445.42333,10492.381
2011M10,517.6,0.196,527.4,505.3,768.3,313.2,398.9,458.6,360.8,384.1,256.7,313.6,472.5,246.4,3756,732,1088,1121,830,1120,364,90,220,679,22,9475.58175,11443.083,3833.518,3049.832,,,,,,,,6924.167,7494.5,9475.5825,10164
2011M11,525.4,0.183,534.2,512.8,780,316.8,393.5,475.4,367.4,390.6,263.5,313.7,476.2,246.4,3756,732,1088,1121,830,1120,364,90,220,679,22,9511.542776,11626.126,4275.071,3187.254,,,,,,3754.454,734.0015864,7003.8276,7281.269,9511.54381,9909.53095
2011M12,529.8,0.188,534.7,515.8,786.8,321.7,402.1,474.9,370.4,393.6,264,313.7,480.1,246.6,3756,732,1088,1121,830,1120,364,90,220,679,22,9342.124405,11337.946,3898.171,3161.9,,,,,,4197.968,671.9189506,7076.7214,7274.2462,9342.12333,9512.77714
2012M01,534.1,0.184,543.8,524.8,795.2,325.2,401,475.2,376.2,396.1,264,313.9,492,247.2,3756,732,1088,1121,830,1120,364,90,220,679,22,9041.174449,11246.781,3912.179,2885.581,,,,,,3804.251,639.5295155,7010.0962,7086.6276,9041.17571,9065.08
2012M02,541.9,0.182,581.9,482.5,807.9,332.9,405.8,477,384.4,403.6,264.1,313.9,483.8,247.5,3756,732,1088,1121,830,1120,364,90,220,679,22,9272.858448,11291.691,3644.912,2922.641,,,,,,3820.459,619.8920433,7021.4467,7107.2619,9272.8581,9347.77762
2012M03,547.4,0.182,589.2,485.4,815.7,336.3,413.9,478,385.8,414.6,266.5,313.9,483.8,249.4,3756,732,1088,1121,830,1120,364,90,220,679,22,9268.751082,11625.718,4222.939,3078.774,,,,,,3553.491,592.5213005,7019.17,7163.9395,9268.75045,9482.72636
2012M04,550.6,0.171,588.3,494.7,823,340.7,417.1,478,378.5,419.3,268.5,313.9,483.8,250.1,3756,732,1088,1121,830,1120,364,90,220,679,22,9249.410679,11639.614,4027.419,2861.576,,,,,,4129.016,519.2498196,7029.8826,7119.4732,9249.41158,9397.63105
2012M05,556.8,0.125,596.8,497.3,836,345,419.8,479.6,376.7,423.9,269.7,313.9,489,251.2,3756,732,1088,1121,830,1120,364,90,220,679,22,8971.37091,11318.276,3984.097,2731.459,,,,,,3949.724,491.9655405,6987.6405,7064.8367,8971.3719,9209.19095
2012M06,562.8,0.132,606.1,498.5,842.1,349.9,435.9,481.4,378.2,430.4,270.3,313.9,524.4,253.4,3756,732,1088,1121,830,1120,364,90,220,679,22,8720.173005,11204.059,3532.938,2342.028,,,,,,3888.092,496.1750945,6966.4652,7014.0481,8720.17238,8814.28571
2012M07,564.8,0.118,607.5,501.4,839.2,353.2,442.5,481.4,389.8,438.5,271.7,313.9,525.4,254.5,3756,732,1088,1121,830,1120,364,90,220,679,22,8540.640065,11645.82,4061.959,2947.353,,,,,,3443.171,520.8418839,6938.401,7019.418,8540.6405,8742.5
2012M08,571.7,0.111,619,501.5,852.8,356.7,438,481.7,401.6,442.7,272.8,313.9,526.3,255.2,3756,732,1088,1121,830,1120,364,90,220,679,22,8624.382914,11397.759,4264.042,2901.945,,,,,,3972.451,447.1059112,6960.8957,7044.5233,8624.38333,8666.85667
2012M09,579.5,0.101,630.3,504,867,359.2,440.9,481.9,412.3,447.8,278,313.9,527.5,255.8,3756,732,1088,1121,830,1120,364,90,220,679,22,8950.886285,11035.078,4431.871,2983.051,,,,,,4171.131,454.191814,6970.571,7088.5,8950.887,9025.458
2012M10,587.7,0.097,642.1,506.8,879.3,365.1,442.5,481.9,432.9,451.1,279.8,324.7,537.1,256.3,3756,732,1088,1121,830,1120,364,90,220,679,22,9055.179181,10854.118,4493.338,2993.1,,,,,,4358.225,407.9812063,6977.8838,7024.1824,9055.17905,9040.23762
2012M11,595,0.101,647.3,510.9,890.8,370.6,447.9,485.1,436.9,456.6,282.1,325.1,562.9,257.5,3756,732,1088,1121,830,1120,364,90,220,679,22,8943.003768,11175.122,4395.114,2958.465,,,,,,4412.25,415.6488588,6973.0855,7097.3482,8943.00409,9109.77227
2012M12,597.8,0.102,652.5,509.8,891.8,374.7,452.8,485.5,440,463,284.6,325.1,580.3,259.5,3756,732,1088,1121,830,1120,364,90,220,679,22,9144.822825,11449.855,5210.027,3068.59,,,,,,4323.132,407.2756064,6974.4125,7095.543,9144.823,9191.084
2013M01,603.9,0.111,665.5,512.5,903,377.7,461.3,485.5,442.5,470,283.1,325.2,578.4,260,3756,732,1088,1121,830,1120,364,90,220,679,22,9273.7648,11510.214,5138.057,2890.767,,15.39,,,,5139.839,419.4395072,6989.141,7059.3048,9273.76429,9272.72048
2013M02,611.6,0.107,676.5,515.2,920.5,381.2,456.7,485.9,445.9,476.7,283.1,325.2,578.4,261.1,3756,732,1088,1121,830,1120,364,90,220,679,22,9311.890155,11747.167,5166,3014.61,,,,,,4968.294,419.4107629,6960.196,6977.017,9311.891,9384.9575
2013M03,618.4,0.112,684.9,519.5,927.6,386.1,462.9,487.7,449,485.6,299.3,325.2,600.1,269.8,3756,732,1088,1121,830,1120,364,90,220,679,16,8988.655065,11865.18,5531.847,3055.154,,,,,,5004.178,426.8957292,6929.5286,6967.3805,8988.65429,9107.46
2013M04,622.3,0.111,689.5,522.3,934,388.6,463.2,488.2,450.3,493.9,302.4,325.2,600.1,270.8,3756,732,1088,1121,830,1120,364,90,220,679,16,8961.034929,11897.234,5432.153,3086.271,,,,,,5372.298,405.2153239,6885.0733,6953.5948,8961.03381,9055.79333
2013M05,625,0.101,692.2,525.1,937.7,390.8,465.2,488.1,452,499.6,302.4,325.2,601.5,273.2,3756,732,1088,1121,830,1120,364,90,220,679,16,8937.937057,11662.796,5543.271,2992.607,,,15.79426842,,,5280.263,390.0232238,6883.9571,6940.2795,8937.93714,9035.72476
2013M06,630.1,0.089,698.8,528.1,947.3,393.7,467.8,488.4,454.8,504.5,304.3,325.2,603.5,274.8,3756,732,1088,1121,830,1120,364,90,220,679,16,9018.12935,11899.821,5346.066,3239.84,,15.75951703,15.699,,,5401.311,378.0745608,6839.7095,6922.5415,9018.1285,9072.832
2013M07,633.8,0.096,702.3,532.1,949.8,404.1,467.9,488.7,461.1,515.5,305.1,325.2,603.5,275,3756,732,1088,1121,830,1120,364,90,220,679,16,8989.209927,11685.8,5292.609,3465.406,,15.77814563,15.82603879,,,5209.744,414.0690893,6880.7309,6962.8259,8989.20955,9080.56
2013M08,638.6,0.091,709.1,533.9,959.4,409.2,468.5,488.9,466.3,516,305.3,325.6,603.5,276.6,3756,732,1088,1121,830,1120,364,90,220,679,16,9167.667867,12061.633,5263.02,3468.628,,15.83067568,15.74059877,,,5161.612,409.8143016,6883.2122,6952.4072,9167.66722,9161.85111
2013M09,645.4,0.09,718.3,537.2,973.2,414.9,469.9,488.4,471.5,519.3,304.8,331.8,604.9,279,3756,732,1088,1121,830,1120,364,90,220,679,16,9168.346214,12398.772,5476.858,3807.303,,15.838,15.82645806,,,5163.39,432.4443,6874.6238,6971.3805,9168.34571,9218.10095
2013M10,651.2,0.084,725.5,540.7,982.5,422.1,474.3,488.4,473.6,527.4,305.1,337.6,604.9,281.3,3756,732,1088,1121,830,1120,364,90,220,679,16,9406.538724,12392.62,5695.506583,3953.378,,15.8186,,,,5369.824,419.7108506,6898.4781,6990.8319,9406.5381,9334.80238
2013M11,656.2,0.081,725.9,544.1,991.2,424.4,478.8,488.7,475,535.5,306,339.5,604.9,282.3,3756,732,1088,1121,830,1120,364,90,220,679,16,9310.804226,12895.428,5846.484836,4056.319,,,,,,5589.168583,403.552543,6898.1558,7031.3174,9310.80421,9465.35
2013M12,660.8,0.081,730.4,548.7,997.3,431.7,487.1,489,474.5,541.2,309.9,343.1,604.9,287.2,3756,732,1088,1121,830,1120,364,90,220,679,16,9542.957829,13067.542,6409.319,4143.843,,,12.38128497,,,5739.276836,452.5861156,6971.7329,7094.681,9542.9581,9630.55667
2014M01,665.6,0.074,742.5,551.3,1001.6,437.1,496.4,489.2,482.8,549.8,310.9,343.6,604.9,287.5,3756,732,1088,1121,830,1120,364,90,220,679,16,9522.912852,13032.744,5930.936836,4131.788,,,10.376,,,6304.62,448.8787726,6988.0229,7093.0314,9522.91381,9552.14238
2014M02,673.8,0.073,754.5,553.9,1018.2,441.1,500.9,490,489.6,553.5,311.9,346.1,604.9,287.9,3756,732,1088,1121,830,1120,364,90,220,679,16,9547.832115,13187.482,6093.591836,4366.539,,,,,,5828.735836,442.5456652,6997.81,7082.75,9547.8335,9572.4165
2014M03,680,0.065,763,556.7,1023.7,442.5,508.5,496.7,490,575.5,312.7,349.4,604.9,289.2,3756,732,1088,1121,830,1120,364,90,220,679,16,9686.074338,13380.644,6624.911836,4478.454,,,11.3483662,,,5999.780836,449.3592087,7009.4105,7104.2852,9686.07476,9717.93238
2014M04,685.5,0.075,767.6,563.6,1035.8,449,510.9,497.5,481.3,585.1,312.1,349.4,607.8,289.3,3756,732,1088,1121,830,1120,364,90,220,679,16,9679.037857,13574.914,6598.745751,4370.221,,,12.321,,,6514.061836,428.3643182,7008.701,7110.8405,9679.03714,9828.52333
2014M05,686.6,0.074,768.7,564.6,1036.7,449.8,512.2,497.5,485.1,585.4,311.8,349.4,610.6,290.5,3756,732,1088,1121,830,1120,364,90,220,679,16,9628.73683,13357.142,6386.957637,4354.886914,,11.25,,,,6507.548751,390.5528746,7000.92,7096.6075,9628.7365,9836.3395
2014M06,690.7,0.072,774.3,566.5,1044.2,451.3,515,498.1,487.2,590.4,312.6,349.9,613.8,291.1,3756,732,1088,1121,830,1120,364,90,220,679,13,9501.453014,13392.025,6282.525836,4365.233,,,,,,6300.409907,434.4872324,6991.371,7062.1429,9501.45286,9860.95238
2014M07,695.1,0.07,780.3,568.5,1052.5,453.4,522.2,498.2,488.8,591.1,312.7,349.9,615.6,292.9,3756,732,1088,1121,830,1120,364,90,220,679,13,9448.51059,13723.783,6534.290836,4668.448,,,9.253333333,,,6215.287836,429.2015329,6967.0565,7088.899,9448.5115,9767.255
2014M08,700,0.073,787.2,570.3,1061.8,458.3,524.7,498.3,491.6,594.3,313,351.7,619,294,3756,732,1088,1121,830,1120,364,90,220,679,13,9295.840405,14139.95,6700.697836,5141.689,,,,,,6470.668836,438.348466,6977.521,7205.5095,9295.841,9638.7075
2014M09,707.8,0.073,799,572.5,1075.7,464,530.9,498.4,499.1,600.3,314,351.7,624.7,295.2,3756,732,1088,1121,830,1120,364,90,220,679,13,9063.785841,14333.995,6940.489033,5375.042,,,,,,6608.863836,438.0955532,7009.1595,7311.815,9063.78636,9614.88182
2014M10,712.9,0.07,806.3,574.2,1085.2,469.1,533.4,498.5,502.9,603.4,314.6,351.7,625.5,296,3756,732,1088,1121,830,1120,364,90,220,679,13,8918.8819,14433.083,6907.810836,5553.925,,,,,,6854.819033,437.6138656,7034.9257,7277.6548,8918.88238,9280.5919
2014M11,717.2,0.069,805.7,576.5,1093.1,471.9,563.2,498.5,505,607.3,314.7,351.7,626.1,299.5,3756,732,1088,1121,830,1120,364,90,220,679,13,8815.48753,14243.562,7084.297,5684.056,,,7.691488,,,6828.480836,446.8743233,7067.115,7411.4975,8815.488,9312.747
2014M12,720.1,0.062,809.6,577.8,1097.9,474.9,538.3,498.6,506.9,610.4,315.7,351.7,628.8,300.5,3756,732,1088,1121,830,1120,364,90,220,679,13,8783.744941,14671.809,7353.354,5967.03,,,,,,7008.428,402.876249,7117.415,7405.5273,8783.74364,9182.87591
2015M01,724.6,0.062,821.2,581.1,1103.6,479.1,540,498.4,515.4,616.8,316.2,357.2,634.5,302.1,3756,732,1088,1121,830,1120,364,90,220,679,13,8389.85775,14748.276,7315.556,5980.538,,,6.008666667,,,7283.491,453.3685244,7208.1725,7436.8715,8389.858,8798.1215
2015M02,731.3,0.061,830.6,583.7,1117,482.7,543.5,498.5,518.6,620.4,317.4,357.2,632.8,306.2,3756,732,1088,1121,830,1120,364,90,220,679,11,8218.68,14967.982,7230.701,6013.67,,5.971,7.275,,,7251.567,438.709674,7241.9825,7498.1635,8218.685,8604.1635
2015M03,737.5,0.06,839.1,586.4,1129.4,483.8,545.3,497.7,522.4,626.9,322.8,357.2,635.6,306.3,3756,732,1088,1121,830,1120,364,90,220,679,11,7916.8872,15438.028,7866.56,5985.903,,6.652,,,,7175.633,461.8322822,7290.3323,7525.0045,7916.88727,8285.58818
2015M04,743,0.052,846.7,589,1139.7,484.5,546.9,497.8,529.3,632.7,324.8,357.2,635.6,306.6,3756,732,1088,1121,830,1120,364,90,220,679,11,7913.741038,15754.851,8419.659,6208.148,,,,,,7714.365,420.7537551,7352.2471,7512.5757,7913.74095,8198.02238
2015M05,744.3,0.053,848.8,588.9,1142,484.3,546.6,497.6,530,636,324.8,357.2,635.6,306.6,3756,732,1088,1121,830,1120,364,90,220,679,11,8283.707526,16224.848,8539.863285,6490.895003,,,7.782,,,8298.089,333.6750506,7414.7379,7578.9447,8283.70737,8508.76947
2015M06,748.8,0.053,855.4,590.5,1151.4,487.1,533,497.6,533,636.7,326.8,357.2,635.6,306.6,3756,732,1088,1121,830,1120,364,90,220,679,11,8362.758427,16532.166,8610.248,6670.519,,,8.83686262,,,8425.589279,306.2608129,7464.6791,7710.4509,8362.75818,8606.285
2015M07,752.7,0.049,861.3,591.4,1159.6,487.9,552.3,497.6,537.3,637.6,328,357.2,635.6,306.8,3756,732,1088,1121,830,1120,364,90,220,679,11,8254.33619,16954.32,9230.873,6721.878,,,9.4,,,8497.86,289.427487,7498.1286,7903.489,8254.33619,8790.15619
2015M08,752.2,0.048,867.5,593.3,1169,491.2,553.8,497.4,539,640.7,329,357.2,635.9,306.9,3756,732,1088,1121,830,1120,364,90,220,679,11,8418.522052,16854.226,9532.825,7093.094,,9.459617647,10.376,,,9130.676,217.2944694,7565.6538,8270.4729,8418.52143,9119.28238
2015M09,763.9,0.049,877.5,595.1,1181.6,494.6,564,497.5,542.4,645.1,331.2,357.2,633,307.2,3756,732,1088,1121,830,1120,364,90,220,679,11,8559.522186,17299.272,9617.199,7197.838,,7.5882,9.689,,,9434.844,179.9162309,7625.4771,8433.8857,8559.52286,9360.31429
2015M10,767.9,0.045,,,1190.8,496.8,564.4,496.4,545.3,645.4,333,357.6,633,307.2,3756,732,1088,1121,830,1120,364,90,220,679,11,8598.2671,17346.988,9896.262,7465.317,,8.588545455,,,,9535.744,184.0411091,7641.5295,8472.915,8598.268,9448.331
2015M11,770.7,0.043,881,596,1196.3,501.1,564.2,496.4,547.4,646.4,334.1,360.4,634.2,307.2,3756,732,1088,1121,830,1120,364,90,220,679,11,8275.920033,17132.184,9824.441571,7506.754737,,,,,,9836.509,181.4495726,7696.8919,8689.0843,8275.91905,9501.11667
2015M12,772.9,0.042,884.2,596.7,1199.6,502.2,569.8,496.4,548.7,648.6,334.1,363.3,634.5,307.1,3756,732,1088,1121,830,1120,364,90,220,679,11,8550.902279,17644.343,9852.129924,7583.368267,,12.025,,,,9779.787014,161.0634398,7874.8942,8724.0332,8550.90211,9330.17368
2016M01,778,0.043,899.3,597.8,1208.7,503.7,577.4,496.4,551.5,654.6,334.3,364.4,634.5,307.1,3756,732,1088,1121,830,1120,364,90,220,679,11,9225.52665,18237.518,9833.038663,8345.75,9,13.61475806,,,1.23E+11,9810.631261,161.2135318,8494.4674,8751.9711,9223.41158,9415.87526
2016M02,786.3,0.044,911.2,600.7,1226,507.4,580,496.4,556,660.6,334.7,364.3,634.5,307.9,3756,732,1088,1121,830,1120,364,90,220,679,11,9856.311155,18312.029,9582.538663,8384.73,,,,,2.16E+11,9795.963,131.7278187,8873.044,8995.9985,9856.3115,9849.3325
2016M03,794,0.044,922.4,603.1,1242.9,509.4,580.5,496.6,560.1,667.1,335.1,364.3,634.5,307.9,3756,732,1088,1121,830,1120,364,90,220,679,11,9886.906818,18201.129,9157.765,8244.904,9,,,,2.09E+11,9550.332,137.5648979,8922.5095,8994.6582,9886.90682,9836.89318
2016M04,801.6,0.044,932.4,607.3,1258.7,511.7,584.7,497,562.8,671.4,339.4,364.3,639.1,309.7,3756,732,1088,1121,830,1120,364,90,220,679,12.5,10148.01181,18267.738,9739.321,7688.715,,,,,4.40E+11,9131.532,164.4624795,8944.9315,9020.082,10148.0125,10012.2505
2016M05,805.1,0.043,938.2,607.5,1266.7,513.8,586.7,496.9,564.7,671.5,339.6,364.3,640.9,309.7,3756,732,1088,1121,830,1120,364,90,220,679,12.5,10144.36908,18443.27,9705.53595,7440.666279,12.58,,,,1.35E+11,9722.533,176.6408041,8951.495,9009.5875,10144.368,10068.637
2016M06,810.7,0.041,947,608.1,1279.6,515.5,587.7,496.8,566.1,673.2,340.3,368.8,640.9,310.2,3756,732,1088,1121,830,1120,364,90,220,679,12.5,10084.19095,18335.634,9387.848121,7573.135743,13.69,15.88,,,-15293249090,9692.203318,197.6028172,8969.8205,9067.9129,10084.191,10079.0471
2016M07,815.8,0.041,954,609.1,1292.8,515.6,585.6,496.8,568.9,674,339.8,368.8,640.9,309.5,3756,732,1088,1121,830,1120,364,90,220,679,12.5,9934.093585,18582.48,9135.789697,7681.54,12,,15.81,,2.85E+11,9381.459034,224.2370369,8978.801,9158.016,9934.0935,10069.334
2016M08,820.5,0.041,962.5,609.5,1304,516.4,588.2,496.8,570,674.9,339.7,369.8,640.9,309.6,3756,732,1088,1121,830,1120,364,90,220,679,12.5,10113.63679,18404.153,9621.159,7859.545,12,14.65,15.38,15.99,7.71E+11,9131.773,241.1297613,9011.2386,9254.6586,10104.6555,10190.075
2016M09,828.5,0.038,975.5,610.1,1323.6,518.1,586.7,496.8,571.4,678.6,340.2,370.5,640.9,309.6,3756,732,1088,1121,830,1120,364,90,220,679,12.5,10155.84272,18640.144,9663.65,7769.922,11.5,14.03,15.51,15.39,6.35E+11,9611.714,245.5968892,9059.7571,9160.8714,10155.8443,10153.5314
2016M10,833.7,0.039,983.8,610.7,1335.5,519.6,591,496.8,572,680.6,340.2,375.4,640.9,309.6,3756,732,1088,1121,830,1120,364,90,220,679,12.5,9987.883245,18616.071,9567.592,7854.89,,14.38,,14.98,6.96E+11,9654.535,270.5241481,9055.9325,9211.499,9987.883,10208.666
2016M11,837.2,0.038,980.8,611.1,1343.1,520.1,592.7,496.8,575.2,682.3,337.8,374.7,640.9,309.6,3756,732,1088,1121,830,1120,364,90,220,679,12.5,9818.249995,18859.256,10072.442,8000.633,,,14.98,14.96,6.35E+11,9557.996,271.8648713,9077.6445,9255.38,9818.24909,10180.7191
2016M12,840.1,0.036,985,611.7,1350.5,520.6,589.5,497.2,575.8,683.4,338.4,374.7,643.1,309.7,3756,732,1088,1121,830,1120,364,90,220,679,12.5,9677.454235,19394.658,10155.002,8033.314,,,15.05,,8.74E+11,10062.646,262.4951423,9176.176,9473.9175,9677.454,10127.8335
2017M01,844.7,0.034,1000.3,613.4,1359.2,522.3,593.2,497.2,580.1,686.8,339.7,374.7,643.1,309.3,3756,732,1088,1121,830,1120,364,90,220,679,12.5,9830.384995,19623.436,10345.807,7906.627,,,15.17,15.27,6.21E+11,10144.973,268.8527097,9259.5614,9522.3014,9830.38619,10015.079
2017M02,851.9,0.032,1012.3,613.6,1377.5,522.6,597.6,497.2,577,689.5,340.7,374.7,643.1,309.2,3756,732,1088,1121,830,1120,364,90,220,679,12.5,9898.54123,19641.759,10446.107,7865.263,,13.04,14.89,15.36,5.79E+11,10335.865,281.4360902,9292.344,9408.7915,9898.542,9994.749
2017M03,860.3,0.031,1025.5,614.9,1398.7,523.4,601,497.3,578,689.3,341,374.7,643.1,309.5,3756,732,1088,1121,830,1120,364,90,220,679,12.5,9910.69837,19774.822,10065.641,7707.758,11,14.02,13.52,15.22,8.42E+11,10436.621,256.1270961,9279.3357,9350.6883,9910.69739,9914.79
2017M04,870.1,0.03,1040.9,616.3,1421,524.3,605.2,497.3,580.6,694.9,341.7,374.7,643.1,310.2,3756,732,1088,1121,830,1120,364,90,220,679,12.5,9801.481705,20354.381,10210.59,7872.003,,12.69,13.81,14.54,6.46E+11,10056.868,274.8561957,9155.6779,9239.7116,9801.48,9893.96895
2017M05,874.4,0.030166436,1047.9,616.6,1431.9,524.1,605.2,497.3,581.4,696.2,341.8,374.3,643.1,310.2,3756,732,1088,1121,830,1120,364,90,220,679,12.5,10040.80069,21006.704,9943.598,7794.294,,13.46,14.68,15.56,6.66E+11,10201.316,279.2970991,9097.7986,9163.9686,10040.8005,9976.66667
2017M06,881.2,0.031828403,1058.6,617.6,1450.8,525.4,593.4,497.2,581,701.5,342.2,374.7,643.1,310,3756,732,1088,1121,830,1120,364,90,220,679,12.5,10077.21564,21101.528,9844.611,7522.396,12.68,15.23,15.21,15.57,9.70E+11,9934.298,294.6479561,8975.9865,9067.415,10077.216,10066.2485
2017M07,889.2,0.032,1071.6,618.3,1469.1,525.7,595.2,497.3,589.6,702,342.4,374.7,643.1,310,3756,732,1088,1121,830,1120,364,90,220,679,12.5,10370.89227,21325.627,10095.57,7572.212,11.38,14.77,15.45,15.57,5.67E+11,9834.565,319.8161814,9019.5781,9147.5405,10370.8914,10441.5071
2017M08,896.2,0.035,1082.9,618.8,1486.4,524.5,596.8,497.2,591.9,703.7,344.5,374.7,640.9,309.8,3756,732,1088,1121,830,1120,364,90,220,679,12.5,10597.79153,21202.905,10521.84331,7606.588,,12.21,13,13.94,9.73E+11,10085.307,319.2182309,8982.0036,9051.7427,10597.7914,10606.9709
2017M09,905.3,0.036,1096.9,620.6,1506.1,525.9,602.3,497.2,596.2,708.8,344.9,380.8,640.9,310,3756,732,1088,1121,830,1120,364,90,220,679,12.5,10728.25036,20989.95,10185.248,7773.696,,8.97,10.51,11.73,7.71E+11,10511.41131,299.0321102,8994.264,9044.9575,10728.2495,10682.9565
2017M10,911.1,0.037,1106.3,621,1518.6,526.6,604.5,497.1,599.3,713.6,344.9,380.8,640.9,310,3756,732,1088,1121,830,1120,364,90,220,679,12.5,10579.66841,21198.299,10778.974,7869.281,,,8.56,10.92,2.44E+11,10175.049,328.5427935,8996.6152,9056.0714,10579.669,10657.3829
2017M11,916.1,0.037,1103,622.6,1531,526.3,604.8,497.1,600.1,715.3,345.5,380.8,640.9,310.1,3756,732,1088,1121,830,1120,364,90,220,679,12.5,10548.64461,22103.619,11592.784,7869.144,,7.2,8.5,9.85,9.05E+11,10774.834,302.571,9002.0091,9024.9982,10548.6455,10631.4936
2017M12,920.3,0.04,1109.7,623.1,1541.8,526.5,605.3,497.1,600.6,716,345.5,380.8,640.9,310.1,3756,732,1088,1121,830,1120,364,90,220,679,12.5,10652.01949,22434.244,11113.19421,8220.16888,,7.77,8.24,10.29,1.38E+12,11588.965,305.9208218,9004.6621,9069.7184,10652.0205,10680.6595
2018M01,926,0.04,1130,622.9,1554.5,526.4,608.7,497.1,607.8,715,345.1,380.8,640.9,310,3756,732,1088,1121,830,1120,364,90,220,679,12.5,10955.19585,23055.149,11722.55691,8259.679178,,7.4,7.79,11.98,1.76E+12,11109.53794,322.1349464,9000.27,9067.7432,10955.1977,10867.8418
2018M02,934.6,0.039,1143.6,624.1,1575.7,526.1,609.3,497.1,610.8,717.4,345.6,380.8,640.9,310.1,3756,732,1088,1121,830,1120,364,90,220,679,12.5,11128.02214,22951.43,11384.7242,8134.007063,,7.61,9.91,12.13,9.48E+11,11718.11883,348.7078228,9001.3125,9076.2925,11128.0225,11248.1675
2018M03,943.8,0.039,1156.8,627.5,1594.6,528.2,611.1,497,618.6,725.1,347.6,380.8,643.1,310.2,3756,732,1088,1121,830,1120,364,90,220,679,12.5,11100.40115,23248.543,10867.98659,8049.59661,,7.13,9.38,10.4,1.27E+12,11380.24249,384.9717865,9002.2995,9064.1664,11100.4,11164.3191
2018M04,953.2,0.042,1171,629.7,1616,529.2,614.1,497,621.7,731.4,347.4,380.8,643.1,310.2,3756,732,1088,1121,830,1120,364,90,220,679,12.5,11059.98301,23239.366,10898.8494,8114.99242,10.27364865,7.54,8.94,10.34,1.14E+12,10863.49233,376.2820249,9000.121,9013,11059.9835,11110.7525
2018M05,960.3,0.047,1182.3,630.5,1628.6,528.9,623.9,497,628.6,733.6,347.7,380.8,643.1,318.6,3756,732,1088,1121,830,1120,364,90,220,679,12.5,10648.96481,23382.209,10429.7962,8143.259359,10.63636364,8.9,12.31,12.57,1.16E+12,10893.83471,402.0924384,8998.2524,9013.1338,10648.9648,10706.8257
2018M06,968.1,0.04,1197.3,627.6,1650,528.7,620,497,628.9,734.2,347.7,380.8,642.7,318.6,3756,732,1088,1121,830,1120,364,90,220,679,12.5,10504.43358,23423.643,,,10.28571429,10.09,12.66,13.6,8.48E+11,10424.45509,431.2183533,8999.8132,9036.6674,10504.4337,10570.7889
2018M07,,,,,,,,,,,,,,,,,,,,,,,,,12.5,10497.4352,,,,,9.76,11.65,13.08,,,,9010.4136,9101.7414,10527.0723,10549.9982
2018M08,,,,,,,,,,,,,,,,,,,,,,,,,,,,,,,9.4,11.54,12.57,,,,9004.961,9054.4043,10415.1067,10538.491
